Date,Open,High,Low,Close,Volume
2017-12-12,4300,4300,4280,4300,35915
2017-12-13,4299,4622,4199,4622,30315
2017-12-14,4800,4900,4641,4890,29270
2017-12-15,4800,5199,4780,5199,92230
2017-12-18,5000,5588,5000,5588,166095
2017-12-19,5440,6000,5332,6000,59700
2017-12-20,5999,6300,5600,6300,350125
2017-12-21,6200,6400,6000,6379,98075
2017-12-22,6000,6000,5901,6000,129125
2017-12-26,5900,6398,5600,5999,238335
2017-12-27,5900,6060,5600,5600,193920
2017-12-28,5700,5800,5180,5600,181840
2017-12-29,5500,5936,5180,5936,198425
2018-01-02,5800,5800,5600,5700,1175
2018-01-03,5600,5600,5499,5499,605
2018-01-04,5301,5301,5100,5100,680
2018-01-05,5000,5098,4718,5098,9805
2018-01-08,4918,4918,4716,4716,20080
2018-01-09,4700,4700,4622,4622,4745
2018-01-10,4622,4622,4530,4622,7945
2018-01-11,4532,4622,4531,4622,2785
2018-01-12,4541,4622,4540,4622,9410
2018-01-15,4622,4622,4540,4620,3075
2018-01-16,4619,4622,4580,4600,4455
2018-01-17,4600,4945,4600,4945,6730
2018-01-18,4800,4800,4622,4800,635
2018-01-19,4704,4860,4704,4704,3045
2018-01-22,4700,4780,4700,4780,5225
2018-01-23,4760,4780,4685,4685,1455
2018-01-24,4660,4800,4652,4800,785
2018-01-25,4712,5000,4704,5000,23275
2018-01-26,4820,4821,4800,4820,7440
2018-01-29,4820,4820,4702,4798,2745
2018-01-30,4798,4798,4720,4760,2315
2018-01-31,4760,4799,4720,4799,2995
2018-02-01,4703,4800,4680,4800,13835
2018-02-02,4778,4800,4778,4800,320
2018-02-05,4800,4800,4740,4800,1585
2018-02-06,4760,4799,4720,4760,1785
2018-02-07,4779,4799,4720,4799,2230
2018-02-08,4760,4799,4740,4740,4740
2018-02-09,4741,4760,4740,4741,1565
2018-02-12,4750,4760,4700,4760,3655
2018-02-13,4760,4760,4700,4720,1545
2018-02-14,4720,4981,4720,4980,4155
2018-02-15,4800,5000,4800,5000,1105
2018-02-16,5000,5199,4900,5197,16435
2018-02-19,5196,5196,5020,5100,165
2018-02-20,5000,5100,5000,5100,985105
2018-02-21,5080,5080,5001,5001,305
2018-02-22,5001,5060,4800,4800,6225
2018-02-23,4800,4896,4800,4896,2025
2018-02-26,4889,4889,4799,4820,745
2018-02-27,4840,4900,4700,4900,3160
2018-02-28,4800,5000,4720,5000,5245
2018-03-01,4979,5000,4960,5000,385
2018-03-02,4980,4998,4900,4998,2695
2018-03-05,4901,4901,4800,4900,2625
2018-03-06,4900,5000,4900,5000,5070
2018-03-07,4910,5200,4902,5200,11020
2018-03-08,5000,5100,4810,4810,1005
2018-03-09,5000,5000,4900,5000,2755
2018-03-12,5000,5149,4999,4999,600
2018-03-13,4920,4999,4840,4999,7530
2018-03-14,4999,5180,4900,5180,11545
2018-03-15,5120,5179,4900,5000,495
2018-03-16,5000,5176,5000,5000,7090
2018-03-19,4920,5079,4920,4999,595
2018-03-20,4999,5099,4912,5099,3165
2018-03-21,4942,5080,4900,5030,2495
2018-03-22,4960,5040,4960,5019,1615
2018-03-23,5000,5001,5000,5001,1945
2018-03-26,5002,5099,5001,5099,785
2018-03-27,5100,5180,5001,5139,5410
2018-03-28,5060,5470,5040,5470,7120
2018-03-29,5400,5600,5400,5400,4705
2018-03-30,5398,5500,5300,5499,8025
2018-04-03,5400,5400,5342,5342,2015
2018-04-04,5343,5460,5342,5398,5840
2018-04-05,5340,5398,5278,5278,6970
2018-04-06,5173,5270,5173,5260,785
2018-04-09,5260,5278,5200,5278,1610
2018-04-10,5200,5300,5200,5300,3485
2018-04-11,5201,5300,5121,5300,1700
2018-04-12,5200,5200,5123,5140,2620
2018-04-13,5140,5279,5100,5100,213895
2018-04-16,5101,5199,5100,5199,1830
2018-04-17,5150,5200,5100,5200,1980
2018-04-18,5101,5200,5100,5198,1180
2018-04-19,5130,5130,5000,5000,1230
2018-04-20,5000,5198,5000,5000,1240
2018-04-23,5001,5180,5000,5090,5350
2018-04-24,5100,5100,5090,5090,2215
2018-04-25,5100,5198,5090,5160,2210
2018-04-26,5101,5140,5060,5100,7300
2018-04-27,5120,5120,5100,5100,7550
2018-04-30,5140,5140,5102,5102,35
2018-05-02,5120,5198,5100,5198,1185
2018-05-03,5101,5101,5060,5080,3255
2018-05-04,5180,5180,5000,5000,3680
2018-05-07,5080,5198,4900,4999,4050
2018-05-08,4900,5095,4810,5000,2530
2018-05-09,4970,4970,4800,4800,1945
2018-05-11,4800,4800,4610,4610,2745
2018-05-14,4611,4779,4600,4779,6600
2018-05-15,4700,4999,4700,4999,435
2018-05-16,5000,5000,4800,4977,445
2018-05-17,4900,4960,4640,4640,5050
2018-05-18,4610,4960,4602,4800,2175
2018-05-22,4800,4960,4800,4960,650
2018-05-23,4958,5000,4900,5000,3095
2018-05-24,4960,4999,4960,4960,1015
2018-05-25,4980,4980,4910,4920,600
2018-05-28,4960,4980,4800,4940,1930
2018-05-29,5000,5000,4842,4998,3825
2018-05-30,4940,5000,4900,5000,1100
2018-05-31,4940,5000,4940,4999,330
2018-06-01,4980,5000,4980,5000,11025
2018-06-04,5000,5000,4920,4920,3640
2018-06-05,4962,5000,4822,4999,5495
2018-06-06,4920,5000,4900,4999,3335
2018-06-07,4999,4999,4900,4998,780
2018-06-08,4999,5100,4999,4999,9070
2018-06-12,5020,5098,5000,5097,1125
2018-06-13,5011,5099,5011,5099,390
2018-06-15,5100,5180,5100,5160,5700
2018-06-18,5180,5400,5011,5011,8195
2018-06-19,5280,5280,5200,5200,75
2018-06-20,4999,4999,4600,4897,420
2018-06-21,4840,4890,4630,4630,1705
2018-06-22,4890,4890,4631,4632,195
2018-06-25,4700,4879,4640,4641,690
2018-06-26,4642,4700,4642,4680,3145
2018-06-27,4643,4880,4641,4879,3540
2018-06-28,4860,4860,4641,4860,645
2018-06-29,4800,4860,4600,4860,3200
2018-07-02,4800,4800,4800,4800,40
2018-07-03,4600,4860,4600,4859,3310
2018-07-04,4760,4859,4700,4840,1560
2018-07-05,4840,4840,4630,4800,2565
2018-07-06,4700,4800,4630,4800,3660
2018-07-09,4780,4800,4680,4680,1415
2018-07-10,4780,4780,4751,4760,915
2018-07-11,4680,4759,4680,4759,190
2018-07-12,4701,4701,4700,4700,780
2018-07-13,4740,4760,4700,4700,1775
2018-07-16,4720,4740,4700,4701,485
2018-07-17,4720,4760,4701,4720,1625
2018-07-18,4740,4800,4700,4800,6180
2018-07-19,4740,4740,4740,4740,80
2018-07-20,4729,4729,4720,4720,125
2018-07-23,4701,4720,4701,4701,550
2018-07-24,4720,4780,4700,4780,2640
2018-07-25,4778,4800,4740,4800,6085
2018-07-26,4800,4800,4740,4800,11610
2018-07-27,4800,4840,4740,4800,10030
2018-07-30,4750,4800,4700,4800,9750
2018-07-31,4721,4800,4700,4800,885
2018-08-01,4720,4800,4700,4800,1545
2018-08-02,4770,4770,4680,4680,17875
2018-08-03,4700,4760,4670,4760,7755
2018-08-08,4700,4800,4700,4800,10655
2018-08-09,4780,4799,4720,4720,470
2018-08-10,4720,4799,4720,4799,4245
2018-08-13,4720,4800,4720,4800,1020
2018-08-14,4730,4800,4730,4800,270
2018-08-16,4760,4798,4740,4740,2055
2018-08-17,4740,4760,4740,4740,2735
2018-08-20,4740,4740,4740,4740,495
2018-08-22,4760,4800,4660,4800,12480
2018-08-23,4798,4798,4640,4640,7185
2018-08-24,4641,4800,4600,4800,1065
2018-08-27,4740,4800,4560,4797,3160
2018-08-28,4797,4800,4560,4800,3270
2018-08-29,4798,4799,4780,4799,1565
2018-08-30,4581,4799,4560,4798,4820
2018-08-31,4750,4798,4703,4798,750
2018-09-03,4740,4780,4700,4700,70
2018-09-04,4780,4780,4600,4779,785
2018-09-05,4660,4799,4580,4799,2005
2018-09-06,4720,4799,4720,4799,1230
2018-09-07,4780,4799,4560,4760,3065
2018-09-10,4700,4700,4698,4698,100
2018-09-11,4697,4839,4697,4697,537460
2018-09-12,4620,4698,4560,4697,2865
2018-09-13,4697,4700,4600,4600,1510
2018-09-14,4600,4700,4560,4688,1635
2018-09-17,4680,4680,4560,4560,545
2018-09-18,4560,4719,4560,4600,2915
2018-09-19,4600,4719,4600,4700,890
2018-09-20,4719,4719,4700,4700,125
2018-09-21,4582,4699,4582,4699,1040
2018-09-24,4600,4600,4510,4560,4625
2018-09-25,4500,4651,4500,4651,1835
2018-09-26,4560,4640,4510,4630,2410
2018-09-27,4600,4620,4600,4620,1980
2018-09-28,4601,4640,4600,4640,670
2018-10-01,4580,4580,4580,4580,45
2018-10-02,4596,4598,4520,4520,380
2018-10-03,4520,4590,4500,4590,2545
2018-10-04,4530,4530,4500,4500,195
2018-10-05,4520,4520,4499,4499,220
2018-10-08,4480,4480,4480,4480,100
2018-10-09,4479,4479,4400,4460,465
2018-10-10,4460,4477,4420,4477,795
2018-10-11,4480,4500,4480,4480,180
2018-10-12,4477,4477,4476,4476,35
2018-10-15,4308,4308,4308,4308,105
2018-10-16,4300,4300,4000,4000,190
2018-10-17,4000,4000,3980,4000,515
2018-10-18,3800,4000,3800,4000,530
2018-10-22,3820,3999,3820,3999,210
2018-10-23,3980,3998,3940,3998,715
2018-10-24,3802,4000,3802,3998,1520
2018-10-25,3997,3997,3997,3997,40
2018-10-26,3860,3880,3859,3859,700
2018-10-29,3800,3800,3700,3799,775
2018-10-30,3850,3960,3810,3960,2900
2018-10-31,3890,3949,3890,3949,760
2018-11-02,3990,4000,3801,3801,260
2018-11-05,3801,3802,3801,3801,1825
2018-11-06,3800,3800,3740,3797,115
2018-11-07,3700,3796,3670,3670,545
2018-11-08,3670,3670,3600,3600,20
2018-11-09,3600,3650,3600,3650,290
2018-11-12,3650,3650,3640,3640,140
2018-11-13,3639,3639,3600,3600,150
2018-11-16,3580,3600,3580,3599,3935
2018-11-19,3599,3599,3420,3420,1785
2018-11-21,3420,3588,3400,3579,450
2018-11-22,3500,3560,3499,3500,2920
2018-11-23,3399,3400,3399,3399,285
2018-11-26,3400,3478,3332,3478,1450
2018-11-27,3390,3500,3380,3500,8265
2018-11-28,3480,3500,3480,3499,2260
2018-11-29,3430,3590,3430,3589,1535
2018-11-30,3590,3590,3590,3590,75
2018-12-03,3580,3580,3500,3500,145
2018-12-04,3440,3590,3440,3590,260
2018-12-05,3590,3591,3589,3589,1400
2018-12-06,3560,3560,3500,3500,325
2018-12-07,3500,3649,3400,3648,985
2018-12-10,3501,3648,3499,3648,1110
2018-12-11,3648,3921,3500,3921,8710
2018-12-12,3980,4000,3980,4000,800
2018-12-13,3970,4000,3920,4000,1080
2018-12-14,3980,4000,3980,4000,385
2018-12-17,3999,4000,3980,4000,1215
2018-12-18,4000,4000,4000,4000,40
2018-12-19,3998,3998,3998,3998,5
2018-12-20,3960,3999,3960,3999,2040
2018-12-21,3960,4100,3960,4100,2560
2018-12-24,4080,4096,4040,4040,1140
2018-12-26,4000,4079,3999,4072,2390
2018-12-27,4245,4245,4245,4245,4
2018-12-28,4230,4230,4000,4200,268
2018-12-31,4195,4240,4100,4240,12512
2019-01-02,4200,4220,4100,4220,818
2019-01-03,4105,4195,4100,4150,1073
2019-01-04,4195,4195,4050,4050,181
2019-01-07,4100,4100,4000,4000,83
2019-01-08,4000,4010,3990,3990,878
2019-01-09,3990,3990,3945,3950,166
2019-01-10,3980,3980,3895,3900,169
2019-01-11,3695,3850,3695,3850,599
2019-01-14,3850,3850,3695,3695,235
2019-01-15,3850,3970,3800,3970,392
2019-01-16,3895,3925,3855,3925,262
2019-01-17,3850,3900,3700,3700,892
2019-01-18,3725,3925,3725,3925,1036
2019-01-21,3900,3900,3700,3700,7988
2019-01-22,3700,3800,3700,3800,115
2019-01-23,3750,3750,3635,3635,410
2019-01-24,3800,3800,3700,3700,495
2019-01-25,3705,3800,3630,3750,646
2019-01-28,3750,3850,3675,3850,478
2019-01-29,3700,3760,3650,3650,208
2019-01-30,3650,3840,3650,3840,2420
2019-01-31,3900,3900,3800,3800,246
2019-02-01,3700,3700,3600,3600,550
2019-02-04,3795,3800,3795,3800,176
2019-02-05,3700,3890,3670,3890,1594
2019-02-06,3900,3900,3800,3840,1387
2019-02-07,3800,3800,3800,3800,225
2019-02-08,3840,3840,3840,3840,50
2019-02-11,3840,3900,3800,3800,1828
2019-02-12,3875,4060,3800,4060,809
2019-02-13,4060,4060,3800,3900,2255
2019-02-14,3900,4000,3800,4000,2500
2019-02-15,3920,4000,3700,3900,2651
2019-02-18,3850,3895,3800,3895,1347
2019-02-19,3800,3900,3800,3900,385
2019-02-20,3800,3895,3800,3895,186
2019-02-21,3850,3850,3605,3605,2081
2019-02-22,3800,3800,3605,3800,341
2019-02-25,3700,3800,3650,3780,1628
2019-02-26,3800,3800,3500,3800,1031
2019-02-27,3750,3780,3715,3780,417
2019-02-28,3750,3900,3550,3650,3350
2019-03-01,3700,3800,3600,3800,1667
2019-03-04,3550,3795,3515,3785,1221
2019-03-05,3750,3750,3505,3510,6121
2019-03-06,3740,3740,3250,3700,13739
2019-03-07,3595,3600,3505,3505,269
2019-03-08,3600,3600,3245,3350,6377
2019-03-11,3600,3600,3105,3495,5055
2019-03-12,3490,3695,3235,3240,5936
2019-03-13,3480,3480,3300,3450,198
2019-03-14,3340,3630,3340,3630,482
2019-03-15,3630,3630,3595,3630,168
2019-03-18,3600,3600,3600,3600,27
2019-03-19,3630,3630,3335,3595,1902
2019-03-20,3525,3590,3335,3590,2196
2019-03-21,3395,3500,3330,3500,5679
2019-03-22,3495,3595,3240,3595,1690
2019-03-25,3500,3600,3330,3550,2516
2019-03-26,3455,3550,3285,3340,12605
2019-03-27,3340,3340,3090,3300,22708
2019-03-28,3335,3340,3055,3340,4461
2019-03-29,3400,3400,3300,3340,570
2019-04-01,3340,3350,3300,3350,455
2019-04-02,3305,3340,3285,3300,543
2019-04-03,3340,3350,3100,3350,6033
2019-04-04,3300,3345,3285,3300,446
2019-04-05,3305,3340,3305,3340,28
2019-04-08,3300,3300,3240,3240,752
2019-04-09,3300,3300,3000,3300,7541
2019-04-10,3295,3300,3275,3300,547
2019-04-11,3300,3300,3200,3200,250
2019-04-12,3200,3200,3100,3195,384
2019-04-15,3200,3295,3195,3295,77
2019-04-16,3200,3450,3200,3400,2393
2019-04-17,3445,3650,3435,3645,17080
2019-04-18,3645,3645,3595,3600,780
2019-04-19,3610,3610,3600,3600,71
2019-04-23,3595,3640,3330,3640,11449
2019-04-24,3640,3640,3640,3640,20
2019-04-25,3635,3635,3370,3600,67
2019-04-26,3490,3550,3350,3550,3185
2019-04-29,3595,3595,3300,3305,4876
2019-04-30,3550,3550,3550,3550,42
2019-05-02,3550,3550,3320,3550,915
2019-05-03,3550,3595,3550,3595,489
2019-05-06,3605,3605,3330,3550,6794
2019-05-07,3500,3500,3300,3500,2283
2019-05-08,3500,3590,3355,3590,485
2019-05-09,3350,3850,3350,3850,3228
2019-05-10,3800,3800,3795,3795,209
2019-05-13,3575,3580,3575,3580,75
2019-05-14,3500,3600,3500,3600,260
2019-05-15,3600,3600,3580,3580,66
2019-05-16,3580,3580,3500,3500,482
2019-05-17,3300,3500,3250,3500,598
2019-05-20,3500,3500,3300,3335,324
2019-05-21,3300,3335,3300,3300,5343
2019-05-22,3300,3300,3250,3250,201
2019-05-23,3250,3250,3010,3250,2033
2019-05-24,3200,3250,3010,3230,7729
2019-05-27,3200,3225,3200,3200,282
2019-05-28,3200,3200,3190,3190,392
2019-05-29,3200,3200,3175,3200,305
2019-05-31,3190,3200,3190,3200,2168
2019-06-03,3190,3200,3000,3200,6015
2019-06-05,3225,3250,3225,3250,117
2019-06-06,3225,3225,3200,3200,206
2019-06-07,3225,3250,3225,3250,168
2019-06-11,3250,3250,3225,3225,496
2019-06-12,3250,3250,3245,3250,644
2019-06-13,3245,3345,3225,3345,1014
2019-06-14,3345,3345,3255,3255,154
2019-06-17,3250,3255,3250,3255,1049
2019-06-18,3285,3290,3200,3290,1447
2019-06-19,3255,3255,3200,3200,1082
2019-06-20,3245,3290,3245,3290,472
2019-06-21,3260,3320,3200,3320,9884
2019-06-24,3310,3400,3255,3400,4480
2019-06-25,3350,3350,3150,3200,1012
2019-06-26,3290,3290,3250,3290,30014
2019-06-27,3205,3280,3200,3280,2446
2019-06-28,3280,3345,3200,3345,1545
2019-07-01,3280,3345,3280,3280,308
2019-07-02,3280,3300,3280,3300,111
2019-07-03,3280,3295,3280,3295,106
2019-07-04,3280,3295,3280,3280,410
2019-07-05,3280,3280,3280,3280,557
2019-07-08,3295,3345,3295,3300,110
2019-07-09,3280,3280,3250,3250,175
2019-07-10,3250,3255,3250,3255,383
2019-07-11,3290,3295,3200,3295,8069
2019-07-12,3295,3295,3200,3260,110
2019-07-15,3290,3295,3200,3295,1087
2019-07-16,3295,3295,3275,3275,50
2019-07-17,3260,3260,3100,3100,439
2019-07-18,3080,3100,3080,3090,3396
2019-07-19,3090,3090,3060,3080,1354
2019-07-22,3075,3095,3070,3090,2994
2019-07-23,3100,3100,3060,3060,13235
2019-07-24,3065,3090,3065,3090,963
2019-07-25,3090,3090,3050,3090,8415
2019-07-26,3090,3090,3000,3090,2831
2019-07-29,3090,3090,3000,3080,160
2019-07-30,3000,3080,3000,3080,452
2019-07-31,3070,3080,3000,3015,5853
2019-08-01,3015,3090,2995,3075,597
2019-08-02,3075,3075,3075,3075,80
2019-08-05,3075,3075,3000,3075,2294
2019-08-06,3075,3075,3070,3075,413
2019-08-08,3075,3075,3050,3075,2805
2019-08-09,3075,3075,3050,3075,80459
2019-08-13,3075,3090,3050,3090,2395
2019-08-14,3090,3090,3055,3055,57
2019-08-16,3080,3090,3000,3080,6156
2019-08-19,3080,3080,3055,3075,161
2019-08-20,3055,3080,3000,3075,863
2019-08-21,3000,3000,3000,3000,588
2019-08-22,3000,3005,2995,2995,1196
2019-08-23,3000,3050,2995,3000,1136
2019-08-26,3005,3040,2995,3000,1906
2019-08-27,3000,3040,2990,3000,2199
2019-08-28,3000,3000,2950,3000,1335
2019-08-29,2995,3000,2900,2990,1518
2019-08-30,2985,2985,2985,2985,146
2019-09-02,2990,3000,2800,2850,4650
2019-09-03,2850,2895,2700,2850,2180
2019-09-04,2800,2850,2800,2800,230
2019-09-05,2800,2835,2800,2835,674
2019-09-06,2835,2880,2800,2880,1926
2019-09-09,2835,2880,2825,2880,229
2019-09-10,2880,2990,2800,2800,1290
2019-09-11,2990,2990,2800,2895,504
2019-09-12,2895,2900,2800,2900,625
2019-09-13,2900,2900,2900,2900,100
2019-09-16,2975,2985,2900,2985,4294
2019-09-17,2950,2950,2800,2950,323
2019-09-18,2800,2850,2800,2840,168
2019-09-19,2840,2840,2785,2785,141
2019-09-20,2750,2750,2735,2745,203
2019-09-23,2705,2705,2650,2650,929
2019-09-24,2700,2745,2600,2650,705
2019-09-25,2600,2600,2550,2570,565
2019-09-26,2575,2600,2550,2550,820
2019-09-27,2555,2635,2500,2600,1160
2019-09-30,2600,2725,2600,2725,2306
2019-10-01,2695,2700,2600,2600,311
2019-10-02,2600,2650,2405,2600,1673
2019-10-03,2600,2600,2450,2600,387
2019-10-04,2600,2795,2585,2795,747
2019-10-07,2790,2830,2750,2780,6235
2019-10-08,2750,2775,2750,2760,88
2019-10-09,2755,2755,2600,2600,279
2019-10-10,2745,2745,2600,2720,182
2019-10-11,2700,2700,2600,2690,1630
2019-10-14,2650,2690,2600,2645,341
2019-10-15,2620,2620,2600,2600,619
2019-10-16,2600,2675,2575,2675,418
2019-10-17,2625,2700,2625,2680,1612
2019-10-18,2680,2700,2650,2700,821
2019-10-21,2800,2800,2520,2800,1887
2019-10-22,2800,2840,2700,2840,6251
2019-10-23,2800,2800,2790,2795,179
2019-10-24,2795,2795,2700,2795,335
2019-10-25,2790,2800,2780,2800,684
2019-10-28,2795,3000,2700,3000,2785
2019-10-29,2900,3000,2775,3000,2169
2019-10-30,2950,2950,2800,2800,89
2019-10-31,2800,2985,2800,2800,483
2019-11-04,2705,2990,2650,2795,55915
2019-11-05,2800,2800,2600,2795,1943
2019-11-06,2700,3000,2650,2995,2891
2019-11-07,2900,2900,2900,2900,163
2019-11-08,2700,2900,2700,2900,179
2019-11-11,2995,2995,2845,2845,17
2019-11-12,2700,2845,2700,2800,80
2019-11-13,2800,2800,2750,2750,466
2019-11-14,2740,2740,2710,2730,116
2019-11-18,2750,2750,2700,2700,1504
2019-11-19,2700,2700,2600,2700,1314
2019-11-20,2690,2690,2500,2500,670
2019-11-21,2500,2685,2500,2685,2748
2019-11-22,2695,2700,2685,2700,2590
2019-11-25,2700,2700,2650,2695,2245
2019-11-26,2700,2750,2700,2750,8224
2019-11-27,2750,2800,2700,2800,1091
2019-11-28,2850,2995,2750,2995,1475
2019-11-29,2775,2990,2775,2990,2402
2019-12-02,2995,3095,2950,3095,8459
2019-12-03,2950,3200,2950,3200,2169
2019-12-04,3000,3400,2960,3400,1193
2019-12-05,3300,3390,3250,3390,1319
2019-12-06,3390,3390,3390,3390,1
2019-12-09,3380,3380,3200,3240,283
2019-12-10,3235,3400,3230,3400,4267
2019-12-13,3295,3370,3250,3250,671
2019-12-16,3240,3400,3240,3400,4960
2019-12-17,3295,3385,3295,3385,129
2019-12-18,3350,3380,3350,3380,73
2019-12-19,3350,3385,3350,3380,116
2019-12-20,3345,3375,3345,3375,703
2019-12-23,3325,3330,3325,3325,628
2019-12-24,3300,3550,3270,3550,22770
2019-12-26,3580,3750,3550,3750,9095
2019-12-27,3750,3900,3500,3900,9766
2019-12-30,3800,3990,3610,3990,10103
2019-12-31,3700,3990,3700,3990,6685
2020-01-02,3695,3695,3695,3695,8
2020-01-03,3450,3450,3420,3420,302
2020-01-06,3250,3250,3165,3180,1288
2020-01-07,3200,3240,3170,3180,460
2020-01-08,3050,3070,3050,3070,28
2020-01-09,3075,3200,3075,3200,1288
2020-01-10,3195,3200,3195,3195,1406
2020-01-13,3200,3200,3110,3200,405
2020-01-14,3195,3195,3110,3115,411
2020-01-15,3185,3345,3115,3345,1433
2020-01-16,3400,3400,3200,3200,1929
2020-01-17,3200,3200,3150,3195,1422
2020-01-20,3150,3200,3150,3200,749
2020-01-21,3200,3200,3195,3195,1766
2020-01-22,3160,3390,3140,3390,4857
2020-01-23,3395,3395,3200,3390,2239
2020-01-24,3390,3390,3200,3390,3527
2020-01-27,3205,3380,3155,3380,2298
2020-01-28,3380,3380,3370,3370,41
2020-01-29,3355,3355,3205,3350,4750
2020-01-30,3300,3350,3300,3350,98
2020-01-31,3205,3350,3165,3350,1846
2020-02-03,3150,3150,3100,3150,2728
2020-02-04,3350,3350,3345,3350,178
2020-02-05,3350,3350,3145,3300,7936
2020-02-06,3295,3295,3130,3150,250
2020-02-07,3150,3150,3000,3100,16548
2020-02-10,3000,3000,2870,2900,24175
2020-02-11,3100,3115,2890,2900,2887
2020-02-12,2900,2900,2900,2900,1751
2020-02-13,2900,2900,2900,2900,5665
2020-02-14,2810,2900,2810,2900,418
2020-02-17,2900,2900,2850,2900,1352
2020-02-18,2895,2900,2860,2900,705
2020-02-19,2900,2900,2890,2900,1064
2020-02-20,2900,3000,2840,2900,2571
2020-02-21,3000,3000,2900,3000,7139
2020-02-24,3000,3000,2900,2900,823
2020-02-25,2900,2900,2850,2850,162
2020-02-26,2850,2900,2850,2850,1544
2020-02-27,2860,2900,2860,2860,285
2020-02-28,3000,3000,3000,3000,40
2020-03-02,3000,3000,2995,3000,343
2020-03-03,3000,3000,2995,3000,879
2020-03-04,3000,3010,2910,3010,1148
2020-03-05,3015,3015,2860,2860,1205
2020-03-06,2840,3070,2840,3070,228
2020-03-09,3100,3195,3050,3195,477
2020-03-10,3065,3195,3065,3195,163
2020-03-11,3150,3150,3100,3150,410
2020-03-12,3195,3195,3195,3195,13
2020-03-13,3150,3150,3100,3120,1218
2020-03-16,3120,3120,3060,3100,108
2020-03-17,3100,3100,3100,3100,71
2020-03-18,3120,3120,3100,3100,270
2020-03-19,3100,3100,3000,3000,1084
2020-03-20,3000,3000,3000,3000,580
2020-03-23,2900,2900,2900,2900,45
2020-03-24,2905,3100,2900,2900,917
2020-03-25,3000,3000,2905,2905,425
2020-03-26,2905,3100,2905,3100,508
2020-03-27,2900,3100,2900,3100,1213
2020-03-30,3000,3100,2950,3100,1584
2020-03-31,3100,3200,2905,2905,815
2020-04-01,3120,3120,3050,3100,3137
2020-04-02,3105,3105,3100,3100,275
2020-04-03,3100,3100,3050,3050,274
2020-04-06,3055,3055,2995,2995,2370
2020-04-07,2995,3000,2995,2995,104
2020-04-08,3050,3050,2955,2955,318
2020-04-09,2995,2995,2975,2975,200
2020-04-10,2975,2975,2975,2975,192
2020-04-14,3000,3005,3000,3005,93
2020-04-15,3010,3100,3010,3100,267
2020-04-16,3090,3125,3090,3125,115
2020-04-17,3105,3125,2995,2995,4473
2020-04-20,3000,3000,3000,3000,3681
2020-04-21,3000,3000,2950,3000,1682
2020-04-22,3000,3125,3000,3125,260
2020-04-23,3100,3100,3100,3100,69
2020-04-24,3090,3090,3000,3000,300
2020-04-27,3000,3000,3000,3000,160
2020-04-28,3050,3050,3050,3050,60
2020-04-29,3030,3045,3020,3045,175
2020-04-30,3050,3050,3050,3050,380
2020-05-04,3100,3100,3045,3050,917
2020-05-05,3050,3050,3020,3050,1091
2020-05-06,3050,3050,3000,3050,151
2020-05-07,3000,3095,2900,2955,2517
2020-05-08,3095,3095,3000,3000,466
2020-05-11,2955,2955,2850,2850,1229
2020-05-12,2900,2900,2800,2850,580
2020-05-13,2850,3000,2850,3000,620
2020-05-14,2900,2900,2850,2900,572
2020-05-15,3000,3105,2995,3000,4406
2020-05-18,2990,2990,2900,2910,3389
2020-05-19,2930,2995,2930,2995,1255
2020-05-22,2900,3000,2900,3000,893
2020-05-25,3000,3000,3000,3000,573
2020-05-26,3000,3000,3000,3000,27
2020-05-27,3000,3150,3000,3005,1508
2020-05-28,3005,3120,3005,3120,333
2020-05-29,3120,3150,3100,3100,1126
2020-06-02,3140,3190,3140,3190,176
2020-06-03,3190,3425,3190,3425,913
2020-06-04,3200,3400,3190,3400,655
2020-06-05,3400,3420,3380,3420,175
2020-06-08,3390,3400,3380,3390,678
2020-06-09,3305,3400,3145,3390,2250
2020-06-10,3380,3390,3380,3390,2513
2020-06-11,3375,3400,3330,3400,2752
2020-06-12,3395,3395,3325,3390,1255
2020-06-15,3350,3410,3350,3395,3397
2020-06-16,3400,3400,3380,3385,280
2020-06-17,3385,3390,3350,3390,744
2020-06-18,3390,3400,3385,3395,4904
2020-06-19,3400,3400,3385,3400,670
2020-06-22,3390,3400,3390,3400,965
2020-06-23,3400,3400,3385,3390,666
2020-06-24,3400,3410,3400,3400,15488
2020-06-25,3400,3410,3400,3410,158
2020-06-26,3415,3420,3390,3390,350
2020-06-29,3400,3420,3400,3400,1620
2020-06-30,3420,3420,3400,3400,2079
2020-07-01,3400,3400,3390,3400,5993
2020-07-02,3420,3420,3395,3400,13502
2020-07-03,3400,3400,3370,3375,1533
2020-07-06,3375,3375,3370,3370,237
2020-07-07,3370,3375,3350,3375,883
2020-07-08,3390,3390,3375,3375,1823
2020-07-09,3375,3375,3300,3300,2164
2020-07-10,3350,3365,3300,3345,2122
2020-07-13,3350,3350,3300,3300,1354
2020-07-14,3345,3390,3300,3300,1171
2020-07-15,3390,3390,3200,3200,1005
2020-07-16,2850,3050,2850,3050,436
2020-07-17,2900,3150,2880,3150,280
2020-07-20,3125,3125,3050,3125,795
2020-07-21,3085,3085,3065,3065,79
2020-07-22,3000,3000,2955,2955,438
2020-07-23,2900,2900,2880,2900,1263
2020-07-24,2890,2890,2885,2885,94
2020-07-27,2850,2885,2850,2885,571
2020-07-28,2850,2885,2850,2885,325
2020-07-29,2885,2900,2880,2900,721
2020-07-30,2900,2900,2885,2900,1886
2020-08-03,2905,2910,2850,2850,585
2020-08-04,2800,2900,2800,2900,1806
2020-08-05,2900,2900,2750,2900,2286
2020-08-06,2800,2900,2800,2900,440
2020-08-10,2900,3000,2900,3000,250
2020-08-11,2995,2995,2900,2950,388
2020-08-12,2900,2945,2900,2945,187
2020-08-13,2900,2945,2900,2925,227
2020-08-14,2925,3000,2900,3000,576919
2020-08-17,3000,3000,2925,2925,292
2020-08-18,2900,2925,2900,2900,715
2020-08-19,2925,2930,2925,2930,223
2020-08-20,2975,3000,2950,2950,300
2020-08-21,2950,2950,2900,2900,90
2020-08-24,2900,2930,2900,2900,332
2020-08-25,2900,2900,2895,2900,6084
2020-08-26,2900,2930,2895,2930,184
2020-08-27,2930,2930,2850,2930,1758
2020-08-28,3000,3050,2850,3050,771
2020-08-31,2825,3000,2825,3000,376
2020-09-01,2925,2925,2825,2885,304
2020-09-02,2850,2850,2800,2800,351
2020-09-03,2820,2820,2800,2800,517
2020-09-04,2800,2890,2800,2850,238
2020-09-07,2830,2850,2800,2800,1559
2020-09-08,2850,2850,2800,2800,1123
2020-09-09,2850,2950,2850,2850,1276
2020-09-10,2810,2810,2800,2800,6151
2020-09-11,2850,2850,2850,2850,1
2020-09-14,2805,2805,2805,2805,75
2020-09-15,2850,2850,2850,2850,30
2020-09-16,2820,2840,2800,2840,314
2020-09-17,2840,2845,2800,2845,298
2020-09-18,2845,2845,2810,2825,494
2020-09-21,2850,2850,2840,2850,945
2020-09-22,2840,2950,2840,2950,304
2020-09-23,2950,2950,2950,2950,25049
2020-09-24,2840,2840,2825,2825,70
2020-09-25,2825,2950,2825,2950,346
2020-09-28,2950,2990,2950,2990,690
2020-09-29,2990,3000,2990,3000,129
2020-09-30,3000,3185,2990,3185,1092
2020-10-01,3000,3000,3000,3000,87
2020-10-02,3000,3000,3000,3000,8
2020-10-05,2900,2900,2850,2900,2175
2020-10-06,2850,2900,2850,2900,7336
2020-10-07,2900,3090,2900,3085,805
2020-10-08,2900,2900,2890,2890,26
2020-10-09,2855,2900,2675,2900,3134
2020-10-12,2895,2895,2685,2890,1184
2020-10-13,2745,2745,2700,2700,210
2020-10-14,2700,2895,2700,2895,653
2020-10-15,2885,2895,2800,2895,3673
2020-10-16,2885,2950,2705,2950,1187
2020-10-19,2930,3050,2730,3050,889
2020-10-20,3040,3040,3040,3040,2
2020-10-21,3040,3050,3000,3050,3772
2020-10-22,2990,3040,2990,3040,179
2020-10-23,3000,3025,3000,3025,287
2020-10-26,2900,2900,2900,2900,4
2020-10-27,2700,3050,2700,3050,2527
2020-10-28,3050,3200,3000,3200,716
2020-10-30,3100,3400,3050,3400,1378
2020-11-03,3200,3200,3145,3145,178
2020-11-04,3145,3145,2910,2910,475
2020-11-05,2910,3125,2800,3125,1000108
2020-11-06,3005,3200,3005,3200,465
2020-11-09,3125,3200,3100,3200,365
2020-11-10,3195,3200,2960,3200,4296
2020-11-11,3200,3200,3150,3200,191
2020-11-12,3140,3190,3100,3190,95
2020-11-13,3050,3200,3050,3200,544
2020-11-16,3200,3290,3190,3290,199
2020-11-17,3250,3250,3250,3250,12645
2020-11-18,3250,3400,3200,3400,1160
2020-11-19,3255,3340,3255,3255,365
2020-11-20,3250,3300,3020,3300,7797
2020-11-23,3250,3390,3250,3390,1442
2020-11-24,3255,3385,3200,3385,1599
2020-11-25,3385,3385,3300,3385,256
2020-11-26,3385,3385,3350,3380,131
2020-11-27,3390,3390,3380,3380,103
2020-11-30,3350,3370,3300,3370,84
2020-12-01,3350,3375,3300,3375,289
2020-12-02,3375,3390,3370,3390,1049
2020-12-03,3375,3375,3370,3370,47
2020-12-04,3300,3375,3200,3375,2630
2020-12-07,3200,3200,3150,3150,4510
2020-12-08,3160,3380,3150,3380,1270
2020-12-09,3200,3380,3150,3150,9482
2020-12-10,3150,3380,2950,3380,629772
2020-12-11,3375,3390,3350,3390,1254
2020-12-14,3390,3390,3390,3390,4
2020-12-15,3175,3285,3175,3285,1065
2020-12-16,3285,3390,3285,3390,5421
2020-12-17,3350,3390,3285,3300,2444
2020-12-18,3290,3515,3250,3515,31086
2020-12-21,3490,3490,3490,3490,100
2020-12-22,3490,3500,3445,3500,10422
2020-12-23,3490,3640,3490,3640,93862
2020-12-24,3495,3640,3495,3640,2012
2020-12-28,3630,3795,3370,3795,18701
2020-12-29,3650,3650,3650,3650,14
2020-12-30,3800,3800,3800,3800,85000
2020-12-31,3800,4070,3795,3895,1050022
2021-01-05,3605,3605,3605,3605,10
2021-01-06,3640,3695,3400,3400,1022
2021-01-07,3300,3300,3200,3200,654
2021-01-08,3205,3245,3200,3200,2291
2021-01-11,3100,3150,3100,3105,667
2021-01-12,3105,3200,3000,3200,1950
2021-01-13,3200,3200,2960,3105,8570
2021-01-14,3105,3105,3005,3100,985
2021-01-15,3100,3105,3005,3100,388
2021-01-18,3085,3105,3085,3105,413
2021-01-19,3200,3200,3200,3200,260
2021-01-20,3195,3250,3195,3250,995
2021-01-21,3250,3295,3200,3295,789
2021-01-22,3290,3395,3200,3395,939
2021-01-25,3200,3395,3200,3395,205
2021-01-26,3300,3300,3300,3300,87
2021-01-27,3300,3400,3300,3400,870
2021-01-28,3400,3400,3385,3385,226
2021-01-29,3330,3390,3300,3390,1319
2021-02-01,3385,3400,3385,3400,773
2021-02-02,3400,3400,3155,3255,1734
2021-02-03,3310,3400,3310,3390,450
2021-02-04,3400,3400,3395,3395,701
2021-02-05,3395,3395,3350,3390,2403
2021-02-08,3325,3350,3325,3350,170
2021-02-09,3350,3390,3310,3350,84
2021-02-10,3310,3350,3310,3350,894
2021-02-11,3200,3350,3200,3325,1492
2021-02-12,3300,3300,3290,3295,202
2021-02-15,3295,3300,3295,3300,150
2021-02-16,3295,3295,3290,3295,490
2021-02-17,3295,3300,3290,3300,355
2021-02-18,3290,3295,3290,3295,420
2021-02-19,3290,3290,3290,3290,60
2021-02-22,3290,3295,3290,3290,877
2021-02-23,3325,3325,3290,3300,314
2021-02-24,3300,3325,3290,3290,546
2021-02-25,3300,3325,3290,3295,670
2021-02-26,3295,3325,3290,3325,323
2021-03-01,3450,3500,3450,3500,454
2021-03-02,3500,3500,3400,3425,772
2021-03-03,3400,3500,3400,3500,340
2021-03-04,3520,3530,3500,3500,910
2021-03-05,3500,3550,3500,3550,8
2021-03-08,3550,3550,3530,3530,50
2021-03-09,3500,3550,3500,3500,2420
2021-03-10,3500,3500,3450,3500,305
2021-03-11,3500,3515,3500,3515,1902
2021-03-12,3515,3550,3515,3550,73
2021-03-15,3515,3550,3505,3550,309
2021-03-16,3565,3565,3505,3505,1107
2021-03-17,3500,3500,3500,3500,175
2021-03-18,3500,3550,3500,3505,464
2021-03-19,3500,3550,3500,3500,2161
2021-03-22,3500,3600,3500,3580,890
2021-03-23,3580,3600,3580,3600,426
2021-03-24,3590,3600,3580,3600,665
2021-03-25,3600,3600,3595,3595,311
2021-03-26,3580,3595,3350,3350,4643
2021-03-29,3325,3350,3295,3300,106044
2021-03-30,3345,3545,3345,3545,453
2021-03-31,3550,3595,3300,3310,2804
2021-04-01,3350,3555,3350,3555,342
2021-04-02,3550,3590,3550,3590,713
2021-04-06,3590,3600,3400,3400,3174
2021-04-07,3595,3600,3300,3600,13818
2021-04-08,3600,3600,3580,3600,1078
2021-04-09,3600,3600,3500,3500,312
2021-04-12,3500,3500,3400,3400,1029
2021-04-13,3500,3600,3200,3200,41501
2021-04-14,3440,3440,3210,3210,2405
2021-04-15,3210,3300,3005,3300,163514
2021-04-16,3305,3500,3305,3500,57
2021-04-19,3490,3495,3490,3495,236
2021-04-20,3495,3495,3400,3480,142330
2021-04-21,3480,3480,3450,3450,92
2021-04-22,3450,3550,3450,3500,4721
2021-04-23,3500,3600,3500,3600,2418
2021-04-26,3600,3600,3595,3595,97
2021-04-27,3590,3590,3500,3500,658
2021-04-28,3600,3600,3550,3590,606
2021-04-29,3555,3590,3555,3590,317
2021-04-30,3600,3600,3600,3600,30
2021-05-03,3600,3600,3555,3590,586
2021-05-04,3115,3545,3115,3345,567
2021-05-05,3535,3535,3345,3500,743
2021-05-06,3405,3495,3405,3405,590
2021-05-07,3150,3470,3150,3450,388
2021-05-10,3445,3450,3300,3300,194
2021-05-11,3295,3300,3210,3290,2601
2021-05-14,3200,3285,3200,3200,2028
2021-05-17,3200,3250,3200,3225,627
2021-05-18,3245,3250,3205,3250,419
2021-05-19,3250,3300,3250,3250,266
2021-05-20,3250,3300,3200,3200,3659
2021-05-21,3200,3315,3200,3250,3212
2021-05-25,3250,3350,3205,3350,716
2021-05-26,3350,3350,3300,3350,601
2021-05-27,3400,3445,3350,3425,536
2021-05-28,3350,3400,3350,3350,1057
2021-05-31,3400,3445,3355,3400,260
2021-06-01,3400,3400,3400,3400,1304
2021-06-02,3400,3450,3390,3390,723
2021-06-03,3390,3400,3375,3375,210
2021-06-04,3385,3390,3375,3375,154
2021-06-07,3390,3390,3380,3390,422
2021-06-08,3390,3390,3300,3300,1166
2021-06-09,3300,3390,3300,3385,532
2021-06-10,3390,3400,3350,3375,1185
2021-06-11,3355,3400,3350,3400,2034
2021-06-14,3410,3465,3400,3400,657
2021-06-15,3480,3480,3475,3475,90
2021-06-16,3470,3475,3400,3475,18814
2021-06-17,3460,3460,3400,3400,685
2021-06-18,3400,3400,3375,3400,1060
2021-06-21,3400,3400,3395,3400,341
2021-06-22,3400,3400,3395,3395,245
2021-06-23,3400,3400,3400,3400,668
2021-06-24,3395,3400,3395,3400,2417
2021-06-25,3405,3405,3400,3405,175
2021-06-28,3405,3410,3400,3400,535
2021-06-29,3400,3400,3250,3400,3278
2021-06-30,3395,3400,3395,3400,60
2021-07-01,3300,3300,3230,3300,1005
2021-07-02,3300,3400,3300,3400,125
2021-07-05,3350,3400,3340,3400,925
2021-07-06,3350,3400,3150,3400,64702
2021-07-07,3400,3400,3160,3400,32506
2021-07-08,3400,3400,3400,3400,100
2021-07-09,3410,3500,3300,3500,489
2021-07-12,3500,3500,3300,3450,47
2021-07-13,3445,3445,3425,3445,164
2021-07-14,3500,3500,3445,3500,445
2021-07-15,3495,3500,3490,3490,240
2021-07-16,3500,3500,3440,3495,190
2021-07-19,3500,3500,3440,3500,1695
2021-07-21,3500,3500,3400,3500,808
2021-07-22,3500,3600,3500,3590,2987
2021-07-23,3590,3590,3580,3580,28
2021-07-26,3560,3580,3550,3550,104
2021-07-27,3550,3550,3545,3545,285
2021-07-28,3550,3600,3550,3590,659
2021-07-29,3580,3590,3550,3550,459
2021-07-30,3590,3600,3580,3600,1038
2021-08-02,3580,3650,3580,3600,2727
2021-08-03,3595,3650,3595,3600,5063
2021-08-04,3600,3600,3580,3600,856
2021-08-05,3600,3600,3600,3600,15
2021-08-06,3600,3650,3580,3650,1023
2021-08-09,3600,3600,3600,3600,626
2021-08-10,3600,3600,3530,3550,236
2021-08-11,3600,3605,3600,3600,818
2021-08-12,3605,3605,3605,3605,70
2021-08-13,3625,3625,3605,3625,265
2021-08-16,3650,3650,3625,3625,477
2021-08-17,3650,3750,3650,3750,291
2021-08-18,3750,3750,3650,3750,462
2021-08-19,3670,3750,3670,3750,394
2021-08-20,3750,3750,3745,3745,467
2021-08-23,3750,3800,3745,3800,1077
2021-08-24,3800,4000,3800,4000,1158
2021-08-25,4000,4000,3800,3850,715
2021-08-26,3850,3850,3805,3850,468
2021-08-27,3850,3850,3850,3850,456
2021-08-30,3870,3900,3870,3900,315
2021-08-31,3855,3990,3850,3990,982
2021-09-01,3850,3990,3850,3850,497
2021-09-02,3800,3945,3800,3945,64
2021-09-03,3930,3930,3930,3930,138
2021-09-06,3900,3930,3855,3855,141
2021-09-07,3920,3925,3915,3915,317
2021-09-08,3900,3930,3900,3930,803
2021-09-09,3930,4000,3930,4000,4519
2021-09-10,4000,4000,3990,4000,957
2021-09-13,4000,4000,3930,4000,252
2021-09-14,3995,4000,3930,4000,633
2021-09-15,3930,4150,3930,4150,6763
2021-09-16,4000,4150,4000,4010,380
2021-09-17,4030,4090,4030,4040,1033
2021-09-20,4100,4150,4050,4150,273
2021-09-21,4120,4200,4120,4200,12233
2021-09-22,4155,4200,4120,4200,1496
2021-09-23,4200,4200,4010,4150,6925
2021-09-24,4100,4140,4100,4140,1275
2021-09-27,4100,4150,4025,4040,4504
2021-09-28,4035,4100,4035,4100,1087
2021-09-29,4150,4150,4100,4150,703
2021-09-30,4100,4150,4100,4100,478
2021-10-01,4100,4100,4065,4100,973
2021-10-04,4070,4100,4065,4100,290
2021-10-05,4100,4150,4100,4150,3343
2021-10-06,4105,4155,4100,4155,1263
2021-10-07,4165,4450,4160,4450,58
2021-10-08,4400,4400,4210,4210,134
2021-10-11,4250,4300,4250,4300,1069
2021-10-12,4300,4300,4250,4300,638
2021-10-13,4300,4300,4250,4250,1763
2021-10-14,4300,4390,4300,4390,223
2021-10-15,4380,4390,4295,4385,1266
2021-10-19,4305,4345,4295,4345,1193
2021-10-20,4300,4350,4300,4340,3737
2021-10-21,4340,4340,4250,4300,1939
2021-10-22,4375,4375,4350,4350,795
2021-10-25,4350,4400,4350,4400,223
2021-10-26,4320,4400,4320,4400,1127
2021-10-27,4400,4450,4400,4400,1079
2021-10-28,4400,4450,4400,4400,76
2021-10-29,4350,4495,4350,4400,259
2021-11-03,4400,4485,4400,4400,866
2021-11-04,4405,4480,4360,4400,1170
2021-11-05,4350,4405,4300,4350,1790
2021-11-08,4350,4350,4300,4345,211
2021-11-09,4300,4340,4300,4300,371
2021-11-10,4300,4300,4300,4300,515
2021-11-11,4345,4395,4345,4350,372
2021-11-12,4350,4350,4350,4350,10
2021-11-16,4400,4400,4300,4300,2349
2021-11-17,4305,4350,4300,4350,719
2021-11-18,4300,4350,4300,4350,3814
2021-11-19,4350,4400,4300,4400,451
2021-11-22,4250,4400,4250,4250,241
2021-11-23,4400,4500,4400,4495,3152
2021-11-24,4490,4600,4490,4600,5840
2021-11-25,4610,4945,4610,4945,1245
2021-11-26,5000,5245,5000,5200,1332
2021-11-29,5010,5205,5000,5025,1328
2021-11-30,5200,5200,5015,5015,1539
2021-12-01,5020,5055,5005,5055,4045
2021-12-02,5050,5055,5000,5005,3082
2021-12-03,5025,5030,4905,5005,2530
2021-12-06,5005,5015,4900,5000,2567
2021-12-07,4950,5050,4950,5000,3974
2021-12-08,4900,5000,4900,4955,790
2021-12-09,4955,4955,4615,4955,2847
2021-12-10,4955,4955,4665,4945,2346
2021-12-13,4800,4800,4800,4800,327
2021-12-14,4950,5000,4800,5000,2401
2021-12-15,4995,5000,4800,4990,620
2021-12-16,4990,4990,4800,4900,278
2021-12-17,4900,4985,4795,4985,2890
2021-12-20,4900,4985,4660,4980,1670
2021-12-21,4900,4900,4660,4660,577
2021-12-22,4700,4900,4650,4900,275
2021-12-23,4800,4895,4700,4895,390
2021-12-24,4800,4895,4800,4895,158
2021-12-27,4800,4895,4800,4895,1691
2021-12-28,4805,4900,4805,4900,266
2021-12-29,4895,4895,4800,4845,3395
2021-12-30,4700,4885,4700,4795,18176
2021-12-31,4795,4795,4785,4785,3413
2022-01-03,4785,4785,4775,4775,465
2022-01-04,4780,4780,4500,4500,614
2022-01-05,4400,4600,4400,4490,402
2022-01-06,4500,4500,4400,4450,1410
2022-01-07,4400,4450,4400,4400,1171
2022-01-10,4450,4450,4400,4450,2636
2022-01-11,4400,4400,4350,4375,593
2022-01-12,4395,4400,4375,4375,937
2022-01-13,4360,4375,4300,4375,792
2022-01-14,4310,4375,4300,4375,1006
2022-01-17,4375,4395,4375,4395,909
2022-01-18,4395,4395,4385,4385,230
2022-01-19,4395,4490,4395,4490,2040
2022-01-20,4400,4785,4385,4785,1785
2022-01-21,4700,4700,4500,4700,250
2022-01-24,4695,4695,4695,4695,9
2022-01-25,4500,4690,4500,4690,314
2022-01-26,4400,4700,4395,4695,2960
2022-01-27,4380,4700,4380,4700,140
2022-01-28,4700,4700,4695,4695,78
2022-01-31,4695,4700,4650,4700,554
2022-02-01,4700,4745,4700,4745,480
2022-02-02,4700,4725,4700,4725,122
2022-02-03,4700,4725,4695,4720,290
2022-02-04,4700,4715,4650,4715,191
2022-02-07,4700,4700,4700,4700,70
2022-02-08,4700,4700,4650,4650,778
2022-02-09,4650,4675,4605,4675,155
2022-02-10,4675,4675,4505,4675,1105
2022-02-11,4675,4680,4575,4600,1003
2022-02-14,4650,4650,4505,4505,570
2022-02-15,4505,4600,4505,4600,3217
2022-02-16,4600,4600,4550,4550,640
2022-02-17,4600,4600,4515,4600,3461
2022-02-18,4600,4600,4595,4595,380
2022-02-21,4600,4600,4500,4595,1985
2022-02-22,4595,4595,4470,4500,4902
2022-02-23,4500,4500,4300,4300,7784
2022-02-24,4500,4500,4200,4325,119414
2022-02-25,4500,4500,4350,4400,1953
2022-02-28,4500,4500,4400,4500,2229
2022-03-01,4500,4500,4450,4460,4196
2022-03-02,4460,4500,4415,4440,1164
2022-03-03,4400,4500,4400,4500,3589
2022-03-04,4500,4500,4500,4500,396
2022-03-07,4500,4500,4400,4500,1019
2022-03-08,4500,4650,4500,4650,2113
2022-03-09,4650,4695,4500,4695,973
2022-03-10,4505,4690,4500,4690,1096
2022-03-11,4690,4690,4600,4690,173
2022-03-14,4690,4700,4690,4695,2575
2022-03-15,4690,4700,4650,4650,607
2022-03-16,4695,4700,4655,4695,3655
2022-03-17,4660,4700,4650,4700,635
2022-03-18,5050,5050,5030,5030,5391
2022-03-21,5050,5050,5030,5040,751
2022-03-22,5000,5050,5000,5050,5520
2022-03-23,5050,5205,5000,5050,7068
2022-03-24,5095,5100,5045,5045,5414
2022-03-25,5050,5050,5000,5040,5944
2022-03-28,5050,5100,5040,5100,1783
2022-03-29,5095,5095,5040,5050,7617
2022-03-30,5050,5080,5000,5050,9990
2022-03-31,5080,5100,4805,5050,9348
2022-04-01,5050,5140,5005,5140,4040
2022-04-04,5100,5140,5000,5135,5909
2022-04-05,5500,5500,5000,5000,1396
2022-04-06,5000,5375,5000,5135,1387
2022-04-07,5100,5100,5000,5050,647
2022-04-08,5050,5050,4955,5045,800
2022-04-11,5100,5100,5000,5045,162
2022-04-12,5045,5050,5005,5050,827
2022-04-13,5050,5050,5005,5045,1201
2022-04-14,5100,5100,5000,5100,3371
2022-04-15,5100,5100,5000,5045,2221
2022-04-19,5050,5050,4950,5040,3349
2022-04-20,5040,5040,4920,4920,2949
2022-04-21,5035,5035,4925,4950,4247
2022-04-22,5000,5000,4950,5000,10167
2022-04-25,4900,5000,4700,5000,3930
2022-04-26,4775,4900,4720,4720,2038
2022-04-27,4710,4750,4600,4695,4395
2022-04-29,4800,4800,4600,4695,678
2022-05-03,4695,4700,4550,4600,247
2022-05-04,4550,4600,4505,4505,946
2022-05-05,4600,4600,4510,4510,1678
2022-05-06,4575,4575,4565,4565,211
2022-05-09,4565,4565,4510,4510,1501
2022-05-10,4510,4545,4500,4500,7626
2022-05-11,4500,4500,4490,4490,2899
2022-05-12,4490,4490,4400,4400,5673
2022-05-13,4485,4490,4300,4300,498
2022-05-16,4490,4490,3980,3980,104541
2022-05-17,4150,4275,4150,4275,826
2022-05-18,4400,4400,4300,4300,404
2022-05-19,4300,4400,4300,4300,2746
2022-05-20,4400,4400,4300,4300,631
2022-05-23,4300,4490,4015,4300,71647
2022-05-24,4300,4490,4295,4405,23162
2022-05-25,4410,4490,4410,4490,10026
2022-05-27,4485,4485,4415,4485,299
2022-05-30,4315,4500,4315,4500,5504
2022-05-31,4500,4500,4350,4495,582
2022-06-01,4360,4500,4360,4380,430194
2022-06-02,4500,4500,4400,4485,1724
2022-06-03,4485,4485,4485,4485,827
2022-06-07,4480,4480,4480,4480,61
2022-06-08,4405,4480,4400,4475,90
2022-06-09,4475,4480,4475,4480,54
2022-06-10,4480,4480,4450,4450,653
2022-06-13,4450,4480,4425,4480,457
2022-06-14,4480,4480,4405,4480,1222
2022-06-15,4500,4500,4480,4500,3694
2022-06-16,4480,4500,4480,4480,274
2022-06-17,4480,4600,4480,4500,6032
2022-06-20,4500,4500,4400,4500,3130
2022-06-21,4400,4400,4400,4400,330
2022-06-22,4400,4495,4150,4450,4154
2022-06-23,4425,4500,4200,4500,1026
2022-06-24,4500,4500,4175,4500,32817
2022-06-27,4500,4500,4175,4500,11526
2022-06-28,4500,4500,4200,4500,2604
2022-06-29,4380,4500,4180,4500,99076
2022-06-30,4550,4550,4180,4550,10055
2022-07-01,4300,4300,4215,4290,4650
2022-07-04,4300,4300,4290,4300,1573
2022-07-05,4285,4300,4245,4250,36328
2022-07-06,4250,4300,4250,4250,4785
2022-07-07,4300,4300,4250,4300,2915
2022-07-08,4300,4300,4300,4300,331
2022-07-11,4295,4380,4250,4380,1059556
2022-07-12,4250,4280,4250,4280,821
2022-07-13,4380,4445,4300,4445,14162
2022-07-14,4300,4435,4250,4435,3873
2022-07-15,4430,4430,4300,4300,70
2022-07-18,4300,4300,4290,4300,5380
2022-07-19,4300,4445,4300,4445,2692
2022-07-20,4445,4445,4200,4445,19629
2022-07-21,4445,4450,4205,4450,3484
2022-07-22,4450,4450,4260,4400,9110
2022-07-25,4400,4400,4255,4400,2636
2022-07-26,4300,4350,4300,4350,14111
2022-07-27,4300,4455,4300,4435,243
2022-07-28,4435,4435,4350,4350,463
2022-07-29,4485,4500,4460,4495,9525
2022-08-01,4495,4600,4495,4600,7517
2022-08-02,4580,4600,4500,4600,443
2022-08-03,4700,4700,4505,4600,1137
2022-08-04,4505,4695,4300,4475,8073
2022-08-05,4500,4500,4495,4500,832
2022-08-09,4500,4600,4500,4600,2646
2022-08-10,4600,4600,4480,4595,3124
2022-08-11,4600,4600,4500,4600,1697
2022-08-12,4600,4600,4500,4600,5933
2022-08-16,4600,4600,4505,4595,2573
2022-08-17,4540,4600,4505,4595,1727
2022-08-18,4600,4600,4495,4495,1191
2022-08-19,4595,4600,4520,4590,1021
2022-08-22,4525,4595,4525,4590,736
2022-08-23,4590,4595,4580,4595,3042
2022-08-24,4590,4590,4580,4580,390
2022-08-25,4550,4585,4550,4570,364
2022-08-26,4550,4575,4500,4575,2173
2022-08-29,4575,4590,4575,4590,5688
2022-08-30,4590,4590,4575,4580,3389
2022-08-31,4580,4590,4505,4590,361
2022-09-01,4590,4590,4520,4520,430
2022-09-02,4575,4590,4530,4565,1049
2022-09-05,4590,4590,4565,4590,1069
2022-09-06,4565,4565,4540,4540,944
2022-09-07,4540,4565,4540,4565,722
2022-09-08,4565,4590,4560,4590,295
2022-09-09,4595,4600,4575,4590,2210
2022-09-12,4590,4590,4565,4590,788
2022-09-13,4585,4590,4585,4590,1777
2022-09-14,4590,4590,4580,4590,76
2022-09-15,4585,4585,4580,4580,196
2022-09-16,4585,4750,4580,4730,2284
2022-09-19,4750,4750,4600,4730,1191
2022-09-20,4730,5000,4675,5000,1924
2022-09-21,4900,4900,4755,4900,294
2022-09-22,4755,4900,4755,4900,220
2022-09-23,4900,4900,4750,4895,816
2022-09-26,4850,4850,4635,4850,777
2022-09-27,4900,4900,4630,4630,408
2022-09-28,4630,4800,4630,4630,1586
2022-09-29,4625,4700,4610,4700,733
2022-09-30,4640,4700,4590,4700,15419
2022-10-03,4625,4700,4600,4700,2274
2022-10-04,4700,4845,4600,4845,135
2022-10-05,4795,4850,4650,4750,96
2022-10-06,4750,4845,4705,4845,754
2022-10-07,4750,4800,4740,4740,1291
2022-10-10,4740,4740,4705,4720,408
2022-10-11,4710,4720,4710,4720,5080
2022-10-12,4720,4720,4700,4700,401
2022-10-13,4895,4895,4750,4750,1948
2022-10-14,4740,4850,4700,4700,2690
2022-10-17,4900,4900,4700,4800,211
2022-10-18,4800,4800,4800,4800,268
2022-10-19,4780,4800,4705,4800,644
2022-10-20,4800,4895,4800,4800,4319
2022-10-21,4750,4800,4750,4800,10360
2022-10-24,4800,4800,4750,4800,1403
2022-10-25,4800,4800,4700,4800,930
2022-10-26,4800,4850,4750,4850,13510
2022-10-27,4900,5000,4805,5000,5588
2022-10-28,5000,5000,4700,5000,3179
2022-10-31,5000,5000,5000,5000,107
2022-11-02,4995,4995,4750,4845,3682
2022-11-03,4850,4850,4750,4800,451
2022-11-04,4840,4950,4750,4950,1597
2022-11-07,4900,5000,4750,5000,3847
2022-11-08,4950,4950,4850,4900,331
2022-11-09,4760,4900,4750,4750,5066
2022-11-10,4750,4750,4750,4750,550
2022-11-11,4900,4900,4900,4900,245
2022-11-14,4900,4900,4800,4800,145
2022-11-16,4800,4900,4800,4800,696
2022-11-17,4750,4900,4750,4900,967
2022-11-18,4900,4900,4900,4900,286
2022-11-21,4900,4900,4750,4900,1463
2022-11-22,4750,4900,4750,4890,583
2022-11-23,4750,4895,4750,4895,544
2022-11-24,4750,4895,4750,4895,266
2022-11-25,4750,4800,4700,4800,2201
2022-11-28,4790,4790,4705,4790,183
2022-11-29,4705,4790,4700,4700,151
2022-11-30,4780,4780,4780,4780,154
2022-12-01,4705,4780,4705,4780,6570
2022-12-02,4600,4700,4600,4700,475
2022-12-05,4600,4695,4600,4695,272
2022-12-06,4650,4800,4650,4800,2644
2022-12-07,4605,4800,4605,4800,4463
2022-12-08,4795,4800,4795,4800,300
2022-12-09,4650,4900,4650,4695,2115
2022-12-12,4650,4895,4650,4895,326
2022-12-13,4680,4900,4680,4900,1245
2022-12-14,4705,4895,4705,4895,4142
2022-12-15,4885,4885,4650,4870,743
2022-12-16,4650,4800,4650,4800,234
2022-12-19,4800,4800,4800,4800,422075
2022-12-20,4800,4800,4610,4800,2549
2022-12-21,4610,4790,4610,4790,91
2022-12-22,4615,4790,4600,4790,1253
2022-12-23,4790,5125,4790,5125,8750
2022-12-27,5085,5085,4745,5000,272
2022-12-28,4900,4900,4655,4900,10551
2022-12-29,4900,4900,4535,4865,498
2022-12-30,4865,4945,4600,4945,3484
2023-01-02,4865,4900,4865,4865,47
2023-01-03,4505,4900,4505,4900,5418
2023-01-04,4890,4895,4650,4860,175
2023-01-05,4855,4855,4650,4855,232
2023-01-06,4855,4855,4660,4800,176
2023-01-09,4750,4750,4655,4655,341
2023-01-10,4655,4710,4610,4700,6719
2023-01-11,4605,4700,4600,4700,1409
2023-01-12,4700,4725,4700,4710,279
2023-01-13,4705,4725,4705,4720,321
2023-01-16,4750,4800,4750,4780,2372
2023-01-17,4755,4800,4750,4800,2269
2023-01-18,4800,4855,4800,4855,201
2023-01-19,4855,4855,4805,4855,97
2023-01-20,4855,4875,4855,4875,2032
2023-01-23,4860,4875,4800,4870,4785
2023-01-24,4875,4900,4870,4900,676
2023-01-25,4900,4945,4900,4900,1248
2023-01-26,4900,5000,4870,5000,2793
2023-01-27,4900,5000,4900,5000,925
2023-01-30,5000,5150,4900,5150,897
2023-01-31,5000,5000,4915,5000,1331
2023-02-01,5000,5000,4995,4995,105
2023-02-02,4995,4995,4905,4995,539
2023-02-03,4900,4995,4850,4995,2366
2023-02-06,4900,4995,4850,4995,414
2023-02-07,4875,4950,4850,4940,1973
2023-02-08,4940,4940,4855,4855,46
2023-02-09,4900,4945,4850,4945,20760
2023-02-10,4945,4945,4905,4945,823
2023-02-13,4905,4995,4900,4995,1332
2023-02-14,4995,4995,4995,4995,946
2023-02-15,4995,4995,4950,4950,711
2023-02-16,4945,5000,4945,5000,12054
2023-02-17,5000,5150,4910,5150,6238
2023-02-20,5150,5150,5100,5145,44
2023-02-21,4910,5140,4910,5140,1468
2023-02-22,5135,5140,4910,5135,267
2023-02-23,5100,5135,5100,5130,40
2023-02-24,5130,5130,4965,5130,2822
2023-02-27,5130,5130,4910,5100,3956
2023-02-28,5100,5100,5100,5100,123
2023-03-01,5100,5100,5095,5095,76
2023-03-02,5000,5095,4870,5095,9264
2023-03-03,5095,5095,4950,5095,613
2023-03-06,4950,5100,4870,5085,3106
2023-03-07,5085,5100,4950,5100,5175
2023-03-08,5095,5100,5095,5100,588
2023-03-09,5100,5100,4950,5100,798
2023-03-10,5100,5100,5000,5100,1204
2023-03-13,5060,5100,5060,5100,840
2023-03-14,5100,5135,5005,5130,6783
2023-03-15,5125,5125,5045,5125,210
2023-03-16,5125,5125,5100,5125,3061
2023-03-17,5125,5125,5100,5125,851
2023-03-20,5100,5100,5000,5080,28071
2023-03-21,5010,5050,4990,5050,2053
2023-03-22,5040,5040,4940,4980,2151
2023-03-23,4980,5050,4905,5025,2877
2023-03-24,4950,5015,4950,5015,2225
2023-03-27,5015,5015,4985,5000,303
2023-03-28,4970,4970,4960,4960,1215
2023-03-29,4960,4990,4900,4900,1399
2023-03-30,4960,4960,4850,4850,246
2023-03-31,4800,4950,4800,4950,22243
2023-04-03,4945,4945,4800,4850,752
2023-04-04,4935,4935,4850,4850,234
2023-04-05,4870,4875,4850,4850,403
2023-04-06,5210,5210,5210,5210,36513
2023-04-07,5595,5595,5395,5480,10635
2023-04-11,5395,5400,5215,5295,6187
2023-04-12,5210,5295,5210,5210,6565
2023-04-13,5280,5280,5015,5200,1959
2023-04-14,5200,5200,5195,5195,1077
2023-04-17,5195,5195,5100,5190,4416
2023-04-19,5200,5200,5180,5190,392
2023-04-20,5190,5250,5055,5190,6780
2023-04-24,5190,5200,5100,5200,513
2023-04-25,5200,5390,5200,5380,732
2023-04-26,5200,5380,5200,5380,310
2023-04-27,5205,5345,5200,5345,1818
2023-04-28,5380,5500,5380,5495,9956
2023-05-02,5500,5500,5490,5495,1410
2023-05-03,5495,5500,5495,5500,1160
2023-05-04,5500,5545,5495,5545,1352
2023-05-05,5500,5545,5500,5500,4073
2023-05-08,5500,5525,5450,5450,791
2023-05-09,5450,5550,5450,5460,4717
2023-05-10,5485,5500,5485,5485,404
2023-05-11,5500,5500,5485,5490,1175
2023-05-12,5495,5510,5485,5500,834
2023-05-15,5465,5540,5465,5540,1754
2023-05-16,5500,5600,5500,5600,531
2023-05-17,5600,5600,5555,5555,343
2023-05-19,5555,5625,5555,5625,1590
2023-05-22,5640,5650,5600,5635,1418
2023-05-23,5635,5645,5600,5600,1406
2023-05-24,5625,5625,5495,5500,2635
2023-05-25,5090,5305,5090,5300,2030
2023-05-26,5300,5300,5100,5280,30610
2023-05-30,5285,5285,5125,5280,3294
2023-05-31,5280,5280,5130,5275,196
2023-06-01,5280,5280,5135,5275,6161
2023-06-02,5270,5270,5170,5175,9886
2023-06-05,5200,5270,5150,5200,7014
2023-06-06,5130,5200,5105,5200,1495
2023-06-07,5200,5270,5150,5270,2752
2023-06-08,5200,5265,5200,5265,1261
2023-06-09,5265,5265,5210,5265,673
2023-06-12,5270,5275,5265,5275,500
2023-06-13,5280,5280,5210,5210,1255
2023-06-14,5210,5270,5105,5105,6466
2023-06-15,5105,5200,5105,5200,1904
2023-06-16,5200,5250,5200,5250,4372
2023-06-19,5245,5245,5230,5245,1341
2023-06-20,5245,5245,5160,5200,12692
2023-06-21,5200,5200,5175,5200,1057
2023-06-22,5200,5230,5200,5230,929
2023-06-23,5230,5295,5210,5215,3790
2023-06-26,5295,5295,5250,5290,614
2023-06-27,5220,5295,5220,5285,359
2023-06-29,5225,5290,5215,5285,3244
2023-06-30,5285,5285,5285,5285,18460
2023-07-03,5280,5345,5270,5270,3517
2023-07-04,5285,5285,5260,5265,2944
2023-07-05,5270,5595,5265,5595,10404
2023-07-06,5600,5650,5580,5600,623
2023-07-07,5590,5590,5300,5540,310
2023-07-10,5550,5550,5430,5520,2746
2023-07-11,5540,5540,5500,5540,637
2023-07-12,5540,5550,5520,5550,2227
2023-07-13,5550,5580,5500,5580,1507
2023-07-14,5580,5815,5445,5790,2281
2023-07-17,5605,5790,5605,5790,168
2023-07-18,5785,5880,5745,5860,2633
2023-07-19,5885,5900,5790,5800,2617
2023-07-20,5800,5800,5775,5795,30132
2023-07-21,5755,5795,5750,5795,1324
2023-07-24,5795,5795,5745,5790,1304
2023-07-25,5790,5795,5750,5785,718
2023-07-26,5785,5790,5750,5780,1771
2023-07-27,5750,5775,5750,5770,754
2023-07-28,5770,5780,5700,5780,985
2023-07-31,5780,5780,5705,5760,1188
2023-08-01,5760,5775,5760,5770,999
2023-08-02,5775,5775,5760,5770,2883
2023-08-03,5770,5775,5750,5770,1293
2023-08-04,5770,5780,5750,5750,789
2023-08-08,5780,5780,5750,5750,729
2023-08-09,5750,5750,5700,5750,499
2023-08-10,5750,5750,5700,5750,417
2023-08-11,5750,5750,5600,5750,862
2023-08-14,5750,5770,5750,5750,982
2023-08-16,5755,5770,5740,5770,362
2023-08-17,5770,5770,5750,5770,2235
2023-08-18,5750,5770,5750,5770,189
2023-08-21,5750,5770,5750,5770,1545
2023-08-22,5770,5770,5750,5750,485
2023-08-23,5770,5770,5750,5770,1407
2023-08-24,5770,5770,5750,5770,2989
2023-08-25,5770,5770,5770,5770,356
2023-08-28,5770,5770,5600,5760,4443
2023-08-29,5750,5765,5600,5735,689
2023-08-30,5750,5765,5650,5765,969
2023-08-31,5770,6195,5760,6020,2243
2023-09-01,6100,6250,5775,6250,7073
2023-09-04,6250,6355,6200,6355,1035
2023-09-05,6355,6360,6300,6310,396
2023-09-06,6300,6320,6300,6300,157734
2023-09-07,6300,6385,6100,6250,29534
2023-09-08,6260,6300,6260,6300,255
2023-09-11,6310,6350,6300,6350,732
2023-09-12,6450,6815,6450,6815,1681
2023-09-13,6795,6800,6775,6775,1378
2023-09-14,6775,6780,6730,6730,664
2023-09-15,6770,6770,6665,6720,2148
2023-09-18,6700,6700,6600,6600,1737
2023-09-19,6650,6650,6500,6580,5575
2023-09-20,6570,6570,6455,6500,1208
2023-09-21,6500,6500,6410,6500,3786
2023-09-22,6495,6500,6495,6500,723
2023-09-25,6500,6645,6500,6645,3837
2023-09-26,6650,6650,6645,6650,1578
2023-09-28,6640,6640,6520,6635,734
2023-09-29,6635,6635,6625,6625,175
2023-10-02,6630,6630,6500,6600,506
2023-10-03,6630,6630,6495,6495,1963
2023-10-04,6490,6500,6455,6500,1811
2023-10-05,6500,6500,6405,6450,2035
2023-10-06,6400,6450,6350,6450,1238
2023-10-09,6450,6450,6250,6445,2365
2023-10-10,6445,6445,6275,6430,543
2023-10-11,6430,6445,6430,6445,449
2023-10-12,6445,6450,6400,6450,3813
2023-10-13,6450,6750,6450,6745,3396
2023-10-16,6790,6790,6700,6700,903
2023-10-17,6750,6750,6745,6750,2570
2023-10-18,6750,6750,6600,6600,526
2023-10-19,6550,6650,6500,6650,380
2023-10-20,6590,6650,6590,6650,183
2023-10-23,6650,6650,6590,6650,524
2023-10-24,6650,6800,6650,6800,432
2023-10-25,6800,6800,6650,6800,2425
2023-10-26,6805,6850,6800,6850,4999
2023-10-27,6850,6850,6670,6800,8161
2023-10-30,6800,6845,6650,6845,2926
2023-10-31,6935,6935,6800,6800,254
2023-11-02,6750,6930,6750,6930,1022
2023-11-03,6935,6935,6850,6935,1492
2023-11-06,6935,7000,6850,6995,2175
2023-11-07,7000,7000,6940,7000,456
2023-11-08,7000,7000,6950,6995,665
2023-11-09,6950,7000,6930,6930,471
2023-11-10,6950,6950,6900,6950,646
2023-11-13,6900,7000,6900,6995,757
2023-11-14,6995,6995,6800,6900,6475
2023-11-16,7000,7000,6940,6950,302559
2023-11-17,6950,6950,6850,6950,938
2023-11-20,6950,6995,6850,6995,1197
2023-11-21,7000,7000,6950,7000,715
2023-11-22,6950,6995,6900,6995,15741
2023-11-23,6995,6995,6900,6975,1649
2023-11-24,6825,6975,6700,6800,12093
2023-11-27,6700,6800,6700,6720,1163
2023-11-28,6725,6870,6725,6870,1282
2023-11-29,6850,6850,6700,6830,9054
2023-11-30,6700,6900,6700,6900,322
2023-12-01,6900,6900,6720,6900,1258
2023-12-04,6900,7000,6900,7000,2028
2023-12-05,7000,7000,6710,6995,535
2023-12-06,6950,7000,6860,7000,3034
2023-12-07,6900,7000,6795,7000,331
2023-12-08,7000,7000,6860,7000,2227
2023-12-11,7000,7000,6995,6995,444
2023-12-12,6900,6995,6900,6990,802
2023-12-13,6990,6990,6900,6950,849
2023-12-14,6950,6950,6900,6900,378
2023-12-15,6900,6900,6900,6900,4831
2023-12-18,7000,7000,6750,6800,5648
2023-12-19,6800,7000,6800,7000,1246
2023-12-20,7000,7000,6805,7000,2359
2023-12-21,6990,7000,6990,6990,263
2023-12-22,6985,7000,6935,7000,687
2023-12-26,7000,7000,6800,7000,3655
2023-12-27,7000,7000,6850,6995,3914
2023-12-28,6800,6995,6780,6995,6934
2023-12-29,6995,6995,6600,6800,5243
2024-01-02,6800,6800,6800,6800,239
2024-01-03,6800,6800,6700,6800,401
2024-01-04,6800,6800,6400,6700,688
2024-01-05,6800,6800,6700,6700,186
2024-01-08,6700,6700,6505,6505,474
2024-01-09,6600,6800,6560,6700,10866
2024-01-10,6695,6695,6695,6695,184
2024-01-11,6700,6800,6695,6800,1284
2024-01-12,6800,6800,6800,6800,3721
2024-01-15,6800,6800,6700,6800,1159
2024-01-16,6995,6995,6995,6995,599
2024-01-17,6850,6995,6850,6995,64
2024-01-18,6850,6850,6850,6850,205
2024-01-19,6850,6850,6700,6800,714
2024-01-22,6800,6800,6700,6700,742
2024-01-23,6700,6800,6700,6700,174
2024-01-24,6600,6700,6600,6700,1575
2024-01-25,6700,6800,6700,6800,112
2024-01-26,6800,6800,6700,6800,770
2024-01-29,6800,6840,6800,6840,902
2024-01-30,6840,6850,6705,6845,246
2024-01-31,6840,6840,6705,6835,1449
2024-02-01,6835,6835,6700,6835,452
2024-02-02,6845,6845,6800,6800,552
2024-02-05,6800,6800,6500,6800,852
2024-02-06,6800,6800,6600,6800,472
2024-02-07,6800,6800,6605,6795,539
2024-02-08,6605,6800,6605,6700,1443
2024-02-09,6800,6800,6700,6700,1414
2024-02-13,6800,6800,6650,6800,642
2024-02-14,6800,6800,6700,6800,719
2024-02-15,6845,6845,6800,6845,708
2024-02-16,6845,6850,6800,6850,377
2024-02-19,6800,6825,6715,6825,441
2024-02-20,6825,6825,6710,6800,1597
2024-02-21,6710,6800,6710,6800,1323
2024-02-22,6800,6800,6795,6795,1566
2024-02-23,6800,6800,6795,6795,668
2024-02-26,6800,6825,6795,6800,3984
2024-02-27,6845,6845,6750,6800,590
2024-02-28,6800,6800,6700,6790,4711
2024-02-29,6780,6795,6700,6795,6252
2024-03-01,6795,6795,6650,6785,641
2024-03-04,6785,6785,6700,6750,810
2024-03-05,6750,6750,6675,6700,845
2024-03-06,6705,6800,6680,6800,7652
2024-03-07,6795,6795,6695,6795,162
2024-03-08,6795,6795,6780,6780,1534
2024-03-11,6780,6780,6770,6780,1600
2024-03-12,6780,6780,6750,6780,439
2024-03-13,6795,6800,6780,6800,210
2024-03-14,6750,6750,6750,6750,1139
2024-03-15,6775,6775,6750,6775,587
2024-03-18,6775,6800,6775,6800,1892
2024-03-19,6800,6800,6800,6800,1948
2024-03-20,6800,6800,6700,6780,1342
2024-03-21,6780,6790,6775,6790,890
2024-03-22,6800,7000,6800,7000,1170
2024-03-25,6950,7000,6825,6950,1085
2024-03-26,6950,6950,6950,6950,109
2024-03-27,6900,7000,6900,6995,11655
2024-03-28,6995,6995,6900,6995,114
2024-03-29,6900,6995,6800,6985,4478
2024-04-02,6900,6900,6800,6895,508
2024-04-03,6800,6800,6700,6700,501
2024-04-04,6700,6745,6490,6745,7615
2024-04-05,6740,6740,6730,6730,148
2024-04-08,6700,6700,6600,6700,1743
2024-04-09,6625,6700,6625,6700,419
2024-04-11,6700,6900,6700,6900,9327
2024-04-12,6685,6900,6685,6800,1526
2024-04-15,6710,6895,6685,6800,1230
2024-04-16,6800,6825,6800,6825,1455
2024-04-17,6800,6895,6800,6895,685
2024-04-18,6900,6900,6800,6895,2122
2024-04-19,6800,6895,6800,6815,290
2024-04-22,6895,6895,6600,6800,1186
2024-04-23,6815,6850,6600,6850,17606
2024-04-24,6850,6900,6700,6900,2406
2024-04-25,6850,6900,6850,6900,164
2024-04-26,6900,6900,6700,6800,2426
2024-04-29,6800,6895,6800,6895,161
2024-04-30,6895,6895,6895,6895,13303
2024-05-02,6900,6900,6800,6800,4204
2024-05-03,6800,6800,6700,6800,2859
2024-05-06,6800,6800,6700,6700,254
2024-05-07,6745,6750,6700,6700,1492
2024-05-08,6700,6770,6650,6770,851
2024-05-10,6770,6770,6700,6770,1187
2024-05-13,6770,6800,6705,6800,593
2024-05-14,6810,6900,6810,6810,556
2024-05-15,6810,6900,6810,6900,2255
2024-05-16,6850,6850,6820,6820,473
2024-05-17,6850,7330,6820,7330,1693
2024-05-21,7310,7330,7200,7300,285
2024-05-22,7200,7500,7200,7450,2071
2024-05-23,7305,7500,7300,7300,806
2024-05-24,7495,7600,7305,7600,673
2024-05-27,7500,7500,7450,7500,827
2024-05-28,7400,7400,7200,7390,2183
2024-05-29,7300,7360,7300,7300,3968
2024-05-30,7305,7390,7300,7300,3636
2024-05-31,7250,7380,7245,7380,771
2024-06-03,7370,7370,7005,7300,1047
2024-06-04,7200,7300,7100,7300,1120
2024-06-05,7195,7250,7110,7250,408
2024-06-06,7250,7250,7120,7200,2308
2024-06-07,7200,7200,7000,7190,1266
2024-06-10,7200,7200,7185,7185,647
2024-06-11,7185,7185,7150,7180,593
2024-06-12,7155,7155,7095,7100,1119
2024-06-13,6800,7075,6800,7000,3466
2024-06-14,7000,7000,7000,7000,191
2024-06-18,6815,6985,6815,6950,1796
2024-06-19,6950,6950,6900,6950,1551
2024-06-20,6945,7000,6800,6990,2305
2024-06-21,6980,6980,6950,6950,915
2024-06-24,6990,6990,6950,6950,519
2024-06-25,6950,6950,6950,6950,684
2024-06-26,6940,6950,6900,6950,821
2024-06-27,6950,6990,6900,6945,1709
2024-06-28,6940,6990,6905,6990,366
2024-07-01,7000,7000,6755,6990,2105
2024-07-02,6990,7000,6950,7000,620
2024-07-03,6990,7000,6815,6995,672
2024-07-04,6995,7000,6830,6995,419
2024-07-05,6995,6995,6900,6990,314
2024-07-08,6830,6950,6830,6900,2990
2024-07-09,6900,6900,6800,6900,3797
2024-07-10,6600,6900,6600,6900,3691
2024-07-11,6900,6950,6855,6900,3176
2024-07-12,6900,6900,6855,6860,2244
2024-07-15,6800,6900,6665,6900,579
2024-07-16,6850,6950,6850,6905,3398
2024-07-17,6900,7000,6900,6910,1780
2024-07-18,7000,7000,6905,7000,1088
2024-07-19,6925,7140,6925,7140,920
2024-07-22,7100,7135,6985,7050,627
2024-07-23,7050,7135,6990,7135,2808
2024-07-24,7050,7050,6890,6890,6675
2024-07-25,6890,6890,6750,6890,1519
2024-07-26,6890,7130,6890,7130,124
2024-07-29,7130,7300,6900,7300,5131
2024-07-30,7295,7420,6900,7420,1617
2024-07-31,7410,7420,6950,7415,5949
2024-08-01,7415,7415,7000,7410,615
2024-08-02,7415,7500,7400,7410,547
2024-08-05,7410,7595,7410,7550,230
2024-08-06,7595,7600,7550,7575,1811
2024-08-08,7575,7575,7400,7540,1720
2024-08-09,7540,7600,7400,7540,2188
2024-08-12,7540,7550,7350,7540,1099
2024-08-13,7540,7755,7540,7700,597
2024-08-14,7650,7700,7550,7550,505
2024-08-16,7650,7650,7000,7580,3094
2024-08-19,7575,7575,7015,7500,1735
2024-08-20,7500,7500,7200,7485,1726
2024-08-21,7485,7485,7480,7480,633
2024-08-22,7200,7400,7200,7400,789
2024-08-23,7200,7500,7200,7500,921
2024-08-26,7500,7500,7475,7475,374
2024-08-27,7475,7495,7310,7495,718
2024-08-28,7500,7500,7495,7495,585
2024-08-29,7500,7500,7495,7495,1713
2024-08-30,7495,7500,7310,7500,579
2024-09-02,7500,7555,7400,7555,658
2024-09-03,7550,7685,7550,7680,1768
2024-09-04,7685,7790,7680,7700,2931
2024-09-05,7680,8275,7680,8275,6407
2024-09-06,8250,8270,7705,8245,18077
2024-09-09,8240,8240,8000,8000,174
2024-09-10,8200,8200,8000,8100,2019
2024-09-11,8100,8100,7505,8000,3029
2024-09-12,8000,8025,7600,8025,879
2024-09-13,8025,8240,8025,8240,578
2024-09-16,8240,8380,8200,8305,790
2024-09-17,8350,8350,8300,8300,849
2024-09-18,8350,8900,8350,8900,7782
2024-09-19,8750,9000,8360,8400,775
2024-09-20,8795,8800,8400,8800,1277
2024-09-23,8700,8795,8600,8700,1889
2024-09-24,8700,8700,8400,8650,836
2024-09-25,8600,8600,8500,8600,553
2024-09-26,8500,8500,8350,8500,9332
2024-09-27,8600,8600,8300,8575,814
2024-09-30,8600,8800,8250,8795,2166
2024-10-01,8800,8800,8595,8795,625
2024-10-02,8785,8785,8600,8700,706
2024-10-03,8700,8700,8615,8685,1176
2024-10-04,8615,8685,8515,8685,773
2024-10-07,8685,8690,8645,8645,747
2024-10-08,8640,8645,8605,8615,1539
2024-10-09,8510,8600,8500,8595,403
2024-10-10,8600,8600,8595,8600,723
2024-10-11,8600,8600,8600,8600,389
2024-10-14,8600,8600,8500,8500,316
2024-10-15,8500,8500,8260,8400,459
2024-10-16,8355,8500,8300,8500,1152
2024-10-17,8600,8600,8400,8500,2309
2024-10-18,8500,8600,8400,8595,291
2024-10-21,8550,8595,8550,8590,629
2024-10-22,8590,8595,8550,8570,334
2024-10-23,8595,8595,8570,8570,847
2024-10-24,8570,8595,8570,8570,465
2024-10-25,8570,8595,8570,8595,571
2024-10-28,8595,8595,8550,8550,606
2024-10-29,8500,8550,8500,8500,381
2024-10-30,8590,8595,8500,8595,474
2024-10-31,8595,8595,8500,8550,199
2024-11-04,8550,8550,8380,8500,598
2024-11-05,8500,8550,8380,8545,479
2024-11-06,8545,8590,8380,8590,1309
2024-11-07,8575,8590,8480,8480,350819
2024-11-08,8480,8500,8450,8480,600
2024-11-11,8480,8500,8380,8380,1823
2024-11-12,8380,8400,8380,8380,647
2024-11-13,8400,8500,8380,8500,699
2024-11-14,8500,8500,8300,8300,6404
2024-11-18,8400,8490,8300,8490,2115
2024-11-19,8300,8595,8300,8490,2132
2024-11-20,8490,8490,8325,8325,3870
2024-11-21,8325,8400,8325,8325,1628
2024-11-22,8325,8450,8310,8450,228
2024-11-25,8425,8450,8300,8305,5923
2024-11-26,8305,8450,8300,8400,2039
2024-11-27,8400,8400,8300,8400,115
2024-11-28,8350,8595,8300,8595,1711
2024-11-29,8595,8595,8500,8595,340
2024-12-02,8590,8590,8320,8500,615
2024-12-03,8320,8590,8300,8590,8909
2024-12-04,8590,8590,8585,8590,178
2024-12-05,8590,8595,8505,8595,340
2024-12-06,8595,8950,8550,8925,802
2024-12-09,8925,8925,8315,8925,307
2024-12-10,8800,8800,8365,8690,73
2024-12-11,8775,8800,8690,8800,4314
2024-12-12,8700,8900,8600,8800,1746
2024-12-13,8800,8900,8625,8900,249
2024-12-16,8900,8900,8625,8900,699
2024-12-17,8895,8895,8625,8850,420
2024-12-18,8845,8845,8635,8800,76329
2024-12-19,8800,8845,8625,8845,8611
2024-12-20,8855,8900,8845,8900,1360
2024-12-23,8845,8845,8655,8800,203
2024-12-24,8800,8800,8700,8700,446
2024-12-26,8700,8800,8700,8800,14872
2024-12-27,8790,8800,8790,8800,5263
2024-12-30,8800,8800,8655,8800,1000
2024-12-31,8655,8795,8655,8795,245
2025-01-02,8750,8750,8660,8750,50
2025-01-03,8655,8750,8600,8600,2628
2025-01-06,8600,8600,8450,8600,935
2025-01-07,8595,8600,8450,8450,845
2025-01-08,8600,8600,8500,8500,674
2025-01-09,8450,8500,8450,8450,385
2025-01-10,8500,8500,8450,8500,337
2025-01-13,8400,8500,8325,8400,936
2025-01-14,8325,8400,8300,8300,661
2025-01-15,8300,8300,8200,8200,1087
2025-01-16,8210,8500,8200,8450,1501
2025-01-17,8450,8500,8300,8500,319
2025-01-20,8450,8500,8450,8500,853
2025-01-21,8500,8500,8250,8250,1495
2025-01-22,8300,8435,8250,8435,344
2025-01-23,8435,8435,8400,8400,268
2025-01-24,8400,8435,8400,8400,46
2025-01-27,8400,8600,8400,8600,53
2025-01-28,8600,8600,8300,8400,2245
2025-01-29,7770,8300,7770,8300,655
2025-01-30,8300,8300,8010,8200,496
2025-01-31,8200,8600,8100,8600,4252
2025-02-03,8050,8700,8050,8400,1064
2025-02-04,8200,8730,8110,8730,644
2025-02-05,8400,8400,8400,8400,432
2025-02-06,8300,8300,8250,8300,833
2025-02-07,8250,8400,8250,8400,772
2025-02-10,8400,8400,8390,8390,315
2025-02-11,8390,8390,8300,8375,211
2025-02-12,8375,8400,8250,8400,807
2025-02-13,8400,8400,8300,8310,982
2025-02-14,8310,8800,8310,8400,870
2025-02-17,8800,8800,8005,8800,2235
2025-02-18,8895,8895,8800,8850,353
2025-02-19,8850,8885,8850,8885,252
2025-02-20,8885,8900,8450,8885,1229
2025-02-21,8700,8895,8500,8885,411
2025-02-24,8885,8885,8880,8880,43
2025-02-25,8800,8880,8500,8880,178
2025-02-26,8880,8885,8880,8885,216
2025-02-27,8500,8885,8500,8800,955
2025-02-28,8800,8880,8500,8880,217
2025-03-03,8885,8885,8800,8885,284
2025-03-04,8880,8885,8510,8885,548
2025-03-05,8800,8885,8800,8885,273
2025-03-06,8885,8985,8850,8850,913
2025-03-07,8850,8885,8850,8875,283
2025-03-10,8875,8885,8875,8880,119
2025-03-11,8880,8880,8800,8800,425
2025-03-12,8800,8800,8800,8800,1709
2025-03-13,8800,8900,8800,8885,3759
2025-03-14,8880,8900,8850,8850,992
2025-03-17,8850,8985,8850,8985,558
2025-03-18,8825,9000,8825,9000,250
2025-03-19,8985,9600,8985,9600,801
2025-03-20,9600,9600,9100,9100,1215
2025-03-21,9125,9550,9125,9515,594
2025-03-24,9610,10000,9610,9890,549
2025-03-25,9890,9900,9680,9900,704
2025-03-26,9900,9900,9890,9900,1040
2025-03-28,9900,10500,9860,9860,2130
2025-04-01,9900,10000,9255,9860,1840
2025-04-02,9860,9900,9860,9900,323
2025-04-03,9895,9895,9860,9860,414
2025-04-04,9860,9900,9825,9860,3258
2025-04-07,9860,10000,9860,9895,2108
2025-04-08,9875,9900,9850,9900,1095
2025-04-09,9850,9900,9850,9900,400
2025-04-10,9900,9900,9850,9900,213
2025-04-11,9900,9900,9900,9900,594
2025-04-14,9900,9925,9860,9925,1327
2025-04-15,9925,9925,9865,9925,759
2025-04-16,9925,9925,9860,9920,1690
2025-04-17,9920,9920,9915,9915,53
2025-04-18,9900,9900,9800,9800,231
2025-04-22,9800,9895,9800,9895,962
2025-04-23,9895,9895,9890,9895,431
2025-04-24,9895,9895,9800,9895,147
2025-04-25,9895,9895,9700,9895,620
2025-04-28,9895,9900,9520,9900,2765
2025-04-29,9900,9900,9890,9890,700
2025-04-30,9850,9850,9800,9800,279
2025-05-02,9820,9900,9820,9850,955
2025-05-05,9900,9900,9850,9895,491
2025-05-06,9900,9900,9895,9900,837
2025-05-07,9895,9900,9850,9900,600
2025-05-08,9900,9900,9850,9900,888
2025-05-09,9900,9900,9850,9900,469
2025-05-12,9850,9900,9850,9900,614
2025-05-13,9905,9905,9900,9905,187
2025-05-14,10010,10500,9905,10500,815
2025-05-15,10450,11060,10290,11060,862
2025-05-16,11060,11060,10400,11060,513
2025-05-19,11885,11885,11060,11245,1076
2025-05-20,11005,11900,11000,11900,1404
2025-05-21,11890,11890,11400,11800,1255
2025-05-22,11880,11880,11800,11800,1146
2025-05-23,11900,12650,11800,12005,1763
2025-05-26,12005,12630,12005,12605,813
2025-05-27,12000,12000,11065,11800,438
2025-05-28,11600,11600,11150,11500,526
2025-05-30,11500,11500,11150,11150,234
2025-06-02,11200,11200,10315,11000,1402
2025-06-03,10175,11200,10175,10185,3273
2025-06-04,10185,10800,10000,10175,969
2025-06-05,10170,10200,10000,10200,1555
2025-06-10,10200,10400,10200,10400,1134
2025-06-11,9900,11180,9900,11150,1708
2025-06-12,10315,11150,10315,11000,616
2025-06-13,10875,11000,10865,11000,609
2025-06-16,10880,11000,10880,10885,8104
2025-06-17,10880,10995,10880,10900,1306
2025-06-18,10885,10995,10885,10995,704
2025-06-19,10995,11200,10880,11150,2143
2025-06-20,11150,11595,11000,11500,1112
2025-06-23,11500,12000,11395,11995,1291
2025-06-24,11995,11995,11100,11950,2087
2025-06-25,11920,11995,11150,11890,350
2025-06-26,11890,11890,11500,11890,174
2025-06-27,11890,11890,11100,11860,2074
2025-06-30,11800,11860,11000,11860,657
2025-07-01,11845,11845,11010,11840,3123
2025-07-02,11835,11835,11010,11500,895
2025-07-03,11500,11500,11500,11500,317
2025-07-04,11500,11880,11500,11875,861
2025-07-07,11020,11875,11020,11800,1020
2025-07-08,11060,11350,11060,11200,255
2025-07-09,11200,11290,11060,11290,312
2025-07-10,11060,11895,11060,11895,1171
2025-07-11,11890,11890,11820,11890,463
2025-07-14,11820,11820,11260,11800,939
2025-07-15,11650,11800,11650,11800,531
2025-07-16,11800,11800,11500,11800,3063
2025-07-17,11800,11800,10915,11800,6200
2025-07-18,11800,11800,11100,11100,583
2025-07-21,11800,11800,11100,11200,460
2025-07-22,11200,12000,11200,11700,3156
2025-07-23,11700,11700,11695,11695,281
2025-07-24,11700,11700,11270,11700,1850
2025-07-25,11700,11700,11700,11700,233
2025-07-28,11700,11700,11200,11700,422
2025-07-29,11600,11600,11600,11600,2285
2025-07-30,11600,11600,11210,11600,465
2025-07-31,11600,11600,11600,11600,611
2025-08-01,11600,11600,11500,11590,293
2025-08-04,11600,11600,11400,11400,363
2025-08-05,11400,11400,11230,11400,275
2025-08-06,11250,11400,11230,11250,478
2025-08-08,11200,11350,11200,11200,1902
2025-08-11,11200,11300,11200,11295,1854
2025-08-12,11220,11350,11200,11295,1815
2025-08-13,11375,11400,11295,11300,188
2025-08-14,11355,11800,11300,11700,1803
2025-08-18,11700,11920,11690,11900,499
2025-08-19,11920,11920,11720,11850,1859
2025-08-20,11805,11995,11805,11990,587
2025-08-21,11950,12000,11805,11990,421
2025-08-22,12000,12000,11700,11990,1077
2025-08-25,11990,11990,11700,11705,959
2025-08-26,11800,11985,11800,11905,592
2025-08-27,12000,12000,11900,11905,876
2025-08-28,12000,12000,11950,11990,1373
2025-08-29,11990,11990,11950,11980,439
2025-09-01,11990,11995,11970,11970,2406
2025-09-02,11970,12340,11970,12055,703
2025-09-03,12060,12455,12005,12060,1743
2025-09-05,12060,12455,12060,12450,237
2025-09-08,12450,12500,12450,12450,515
2025-09-09,12450,12450,12105,12300,505
2025-09-10,12150,12500,12110,12110,734
2025-09-11,12110,12500,12110,12470,424
2025-09-12,12470,12470,12105,12470,1915
2025-09-15,12470,12470,12470,12470,1483
2025-09-16,12470,12480,12460,12470,3807
2025-09-17,12500,12975,12500,12500,2112
2025-09-18,12575,12575,12475,12475,2107
2025-09-19,12500,13410,12470,12475,5559
2025-09-22,12475,13400,12475,12515,209
2025-09-23,13400,13400,12600,12600,1060
2025-09-24,12510,13000,12505,12700,349
2025-09-25,12705,12900,12510,12510,1330
2025-09-26,12510,12900,12505,12505,901
2025-09-29,12505,12850,12505,12510,1780
2025-09-30,12515,12700,12505,12505,1675
2025-10-01,12300,12700,12300,12700,2085
2025-10-02,12750,13000,12750,13000,982
2025-10-03,13200,13200,12710,12710,724
2025-10-06,12710,12950,12310,12505,6164
2025-10-07,12505,13000,12505,13000,963
2025-10-08,13100,13100,13080,13080,340
2025-10-09,13100,13150,13100,13150,1186
2025-10-10,13200,13200,13130,13200,750
2025-10-13,13200,13250,13200,13250,569
2025-10-14,13600,14240,13255,13500,963
2025-10-15,13500,14300,13000,14300,8838
2025-10-16,14300,14300,13750,13750,2487
2025-10-17,13750,14300,13750,13810,846
2025-10-20,13750,14000,13750,14000,2279
2025-10-21,14000,14000,12960,14000,1601
2025-10-22,14000,14000,13750,14000,503
2025-10-23,14000,14190,14000,14175,335
2025-10-24,14175,14700,14005,14100,11986
2025-10-27,14200,14890,13900,14890,887
2025-10-28,14890,14890,14210,14725,201
2025-10-29,14750,14800,14725,14800,2202
2025-10-30,14765,15155,14765,15150,1337
2025-10-31,15015,15110,15010,15110,687
2025-11-03,15110,15200,15110,15200,1743
2025-11-04,15110,15200,15110,15200,3543
2025-11-05,15990,15990,15250,15500,2508
2025-11-06,15500,15700,15250,15700,3619
2025-11-07,15750,15750,15700,15750,1690
2025-11-10,15200,15800,15200,15500,1141
2025-11-11,15500,15745,15500,15500,1046
2025-11-12,15500,15600,15200,15200,2552
2025-11-13,15740,15900,15210,15210,3281
2025-11-14,15215,15280,15210,15240,1099
2025-11-17,15280,16000,15210,15900,326
2025-11-18,15500,15900,15400,15900,543
2025-11-19,15600,15900,15600,15900,1840
2025-11-20,15800,16000,15600,16000,793
2025-11-21,16020,16300,15300,15300,1181
2025-11-24,15300,15700,15250,15300,2751
2025-11-25,15300,15700,15300,15700,7433
2025-11-26,15500,16555,15500,15500,1623
2025-11-27,16390,16400,15400,15500,1772
2025-11-28,15500,16660,15500,15600,1035
2025-12-01,15600,16770,15600,16770,319
2025-12-02,16700,16770,15710,15720,688
2025-12-03,16500,16700,15755,16505,307
2025-12-04,16600,16600,16500,16600,1694
2025-12-05,16600,16600,16000,16000,1058
2025-12-08,15800,16595,15800,16500,367
2025-12-09,16500,16595,15800,15800,562
2025-12-10,16595,16595,15500,15500,2062
2025-12-11,15800,16500,15600,15800,837
2025-12-12,16475,16475,15200,15210,1785
2025-12-15,15210,15800,15210,15220,1258
2025-12-16,15220,15800,14900,15050,5742
2025-12-17,15050,15395,14900,15000,6585
2025-12-18,15300,15300,15050,15065,95566
2025-12-19,15800,15800,15000,15500,6098
2025-12-22,15005,15005,14800,15005,1919
2025-12-23,15000,15005,15000,15000,727
2025-12-24,15005,15005,15000,15000,98
2025-12-26,15005,15800,14800,15600,61029
2025-12-29,14630,15600,14630,15590,560
2025-12-30,14650,16000,14650,15795,80571
2025-12-31,15800,16000,15800,16000,589
2026-01-02,16000,16000,16000,16000,19750
2026-01-05,16150,16255,15795,15795,215
2026-01-06,16000,16200,15795,16200,1101
2026-01-07,16200,16500,16200,16200,1626
2026-01-08,16295,16500,16200,16200,1223
2026-01-09,16250,16500,16200,16495,320
2026-01-12,16495,16500,16495,16500,330
2026-01-13,15800,16500,15800,16500,729
2026-01-14,16500,16500,16490,16490,1750
2026-01-15,16490,16500,16450,16500,765
2026-01-16,16500,16500,16490,16500,575
2026-01-19,16500,16500,16460,16500,413
2026-01-20,16800,16865,16500,16500,498
2026-01-21,16700,16800,16305,16600,582
2026-01-22,16700,16700,16505,16505,438
2026-01-23,16590,16800,16505,16505,1542
2026-01-26,16505,16700,16500,16695,1706
2026-01-27,16690,16695,16505,16695,392
2026-01-28,16695,16795,16680,16795,1079
2026-01-29,16795,17000,16795,16995,750
2026-01-30,17000,17290,16995,17005,2856
2026-02-02,17000,17945,17000,17165,2175
2026-02-03,17165,17940,17165,17165,580
2026-02-04,17945,17945,17165,17165,1537
2026-02-05,17900,17900,17170,17800,190
2026-02-06,17795,17900,17210,17500,4050
2026-02-09,17500,17500,17495,17500,1328
2026-02-10,17500,17500,17000,17000,2095
2026-02-11,17150,17150,16500,16505,5424
2026-02-12,16685,16800,16605,16800,2882
2026-02-13,16800,16900,16795,16900,774
2026-02-16,15640,16900,15640,16000,2635
2026-02-17,16005,16800,16005,16200,1836
2026-02-18,16300,17000,16225,17000,3325
2026-02-19,16950,17000,16250,16250,691
2026-02-20,16995,16995,16305,16900,1758
2026-02-23,16900,16900,16600,16700,1078
2026-02-24,16700,16800,16500,16700,1182
2026-02-25,16700,17000,16510,16700,39415
2026-02-26,17000,17000,16800,16985,408
2026-02-27,16900,17100,16705,17000,7184
2026-03-02,17000,17000,16985,16985,2927
2026-03-03,17000,17000,16200,16200,1988
2026-03-04,16200,16500,16000,16475,1176
2026-03-05,16205,16475,16200,16475,2355
2026-03-06,16205,16475,16205,16475,3439
2026-03-09,16475,16800,16210,16800,4817
2026-03-10,16220,16900,16220,16400,352
2026-03-11,16400,16850,16400,16405,706
2026-03-12,16800,16800,16500,16600,876
2026-03-13,16210,16800,16210,16215,3819
2026-03-17,16240,16800,16210,16280,1751
2026-03-18,16215,16800,16215,16795,2940
2026-03-19,16800,16910,16500,16905,379
2026-03-23,16895,16910,16500,16700,790
2026-03-24,16805,16805,16300,16300,790
2026-03-25,16510,16680,16300,16300,3083
2026-03-26,16325,16350,16200,16300,2368
2026-03-27,16300,16680,16100,16500,2610
2026-03-30,16500,16500,16310,16500,888
2026-03-31,16500,16680,16310,16500,2932
2026-04-01,16315,16800,16305,16500,12191
2026-04-02,16400,16400,16350,16350,817
2026-04-03,16300,16500,16300,16350,692
2026-04-07,16350,16350,16290,16350,1250
2026-04-08,16700,16700,16300,16500,573
2026-04-09,16200,16500,16200,16200,1201
2026-04-10,16210,16495,16200,16210,776
2026-04-13,16215,16300,15615,15615,2516
2026-04-14,15615,16000,15600,15620,1959
2026-04-15,15700,16350,15650,15700,1649
2026-04-16,15625,16000,15625,15710,2257
2026-04-17,16400,16400,15800,16250,526
2026-04-20,15800,16200,15800,15810,999
2026-04-21,15850,16500,15810,15810,1430
2026-04-22,15810,16200,15810,16000,722
2026-04-23,16200,16300,16000,16000,2399
2026-04-24,16005,16350,15725,16300,863
2026-04-27,16200,16200,16000,16020,738
2026-04-28,16050,16300,16020,16300,402
2026-04-29,16300,17520,16050,16050,10142
2026-04-30,16020,16300,16020,16300,4420
2026-05-04,16300,16300,16050,16100,594
2026-05-05,16055,16055,15900,16000,747
2026-05-06,15900,16100,15725,16100,1400
2026-05-07,16100,16300,16050,16300,659
2026-05-08,17520,17520,16115,16800,900
2026-05-11,17000,17000,16100,16200,2038
2026-05-12,16200,16500,16000,16200,4831
2026-05-13,16200,16300,16120,16300,1114
2026-05-15,16300,16500,16200,16300,1413
2026-05-18,16200,16300,16100,16300,2107
2026-05-19,16000,16600,16000,16300,1234
2026-05-20,16300,16500,16200,16300,704
2026-05-21,16305,16800,16200,16300,3727
2026-05-22,14500,16300,14500,16300,1593
2026-05-26,16300,16300,16200,16300,148
2026-05-28,16300,16300,16200,16300,1799
2026-05-29,16300,16600,16290,16290,884
2026-06-01,16250,16290,16200,16250,790
2026-06-02,16250,16400,16250,16345,2962
2026-06-03,16300,16345,16300,16345,3676
2026-06-04,16345,16345,16305,16345,1924
2026-06-05,16345,16400,16340,16400,3403
2026-06-08,16500,16500,16350,16400,971
2026-06-09,16400,17000,16300,16800,6278
2026-06-10,16800,17010,16700,16700,977
2026-06-11,16800,16990,16750,16800,1069
2026-06-12,16800,16800,16795,16795,438
2026-06-15,16800,16800,16770,16770,3712
2026-06-16,16780,16800,16400,16500,6616
2026-06-17,16500,16500,16400,16400,2443
2026-06-18,16500,16795,16450,16500,3884
2026-06-19,16500,16795,16410,16745,404
2026-06-22,16800,17385,16800,17000,5651
2026-06-23,17380,17450,16500,16500,11571
2026-06-24,16600,17395,16400,16500,6518
2026-06-25,16500,17285,16500,16800,234
2026-06-26,16800,17280,16800,17150,341
2026-06-29,16800,17200,16800,17190,1006
2026-06-30,17000,17185,16600,16600,1217
2026-07-01,17180,17190,16250,16250,3155
2026-07-02,17200,17200,16500,16500,1537
2026-07-03,16900,17395,16500,17270,1411
2026-07-06,17300,17300,16500,16500,5176
2026-07-07,17200,17200,15500,16640,102038
2026-07-08,16695,17000,16640,17000,1701
2026-07-09,16990,17000,16640,16700,639
2026-07-10,16700,16800,16700,16795,465
2026-07-13,16790,16790,16500,16700,2116
2026-07-14,16700,16700,16300,16370,954
2026-07-15,16045,16370,15500,15900,6512
2026-07-16,16000,16000,15700,16000,5655
2026-07-17,16000,16300,15700,16000,1404
2026-07-20,14805,15800,14800,15715,4603
2026-07-21,15800,16000,14905,15715,2300
2026-07-22,15715,15720,15700,15715,1512
2026-07-23,15890,15900,15715,15900,705
2026-07-24,15990,16250,15850,16245,6990
2026-07-27,16245,16245,15990,16240,1894
2026-07-28,16245,16245,16200,16245,4385
2026-07-29,16245,16370,16235,16235,2573
2026-07-30,16235,16290,16200,16235,1602
2026-07-31,16230,16230,16100,16230,1910
2026-08-03,16200,16200,16000,16100,1507
2026-08-04,16200,16200,16000,16200,6408
2026-08-05,16200,16200,16000,16000,1590
2026-08-06,16000,16200,16000,16200,562
2026-08-10,16200,16230,16165,16200,5607
2026-08-11,16000,16100,16000,16000,6065
2026-08-12,16000,16885,16000,16000,3380
2026-08-13,16005,16005,15800,16000,7517
2026-08-14,16000,16450,16000,16000,11343
2026-08-17,16000,16500,16000,16005,11812
2026-08-18,16000,16885,16000,16885,7359
2026-08-19,16875,16875,16005,16500,3162
2026-08-20,16800,16870,16505,16855,1320
2026-08-21,16855,16855,16000,16795,5479
2026-08-24,16795,16880,16000,16830,6688
2026-08-26,17095,17095,16005,16700,6471
2026-08-27,16700,16850,16700,16845,3252
2026-08-28,16845,16845,16800,16845,1128
2026-08-31,16840,16845,16505,16510,2114
2026-09-01,16400,17010,16295,17000,5405
2026-09-02,17000,17200,17000,17200,2340
2026-09-03,17205,17525,17190,17500,3510
2026-09-04,17500,17900,17500,17725,733
2026-09-07,17500,17700,17300,17500,2073
2026-09-08,18000,18000,17500,17500,3119
2026-09-09,17775,17780,17300,17695,4740
2026-09-10,17300,17345,16800,16800,7709
2026-09-11,17295,17390,16800,17285,3791
2026-09-14,17285,17285,16900,17100,1022
2026-09-15,17005,17100,16950,16950,1312
2026-09-16,17005,17145,16950,17005,6126
2026-09-17,16950,17100,16950,17100,2804
2026-09-18,16800,17100,16800,16995,2446
2026-09-21,16900,17010,16800,17000,2110
2026-09-22,17000,17200,16900,17145,5838
2026-09-23,17100,17100,16800,16800,1094
2026-09-24,16510,16600,16510,16600,1252
2026-09-25,16500,17000,16500,16805,2482
